,All Negative,SharpShooters,Big Men without Creation,Not sure,TOV + STL,labels
0,-0.216261208,-0.131793857,-0.185015962,-0.933452904,-1.908771753,6
1,0.215714961,-0.066982508,-0.213040903,-0.67400074,-2.112584114,6
2,-0.443104625,-0.008216023,-0.181499273,0.246879175,-1.718290567,6
3,0.099279881,0.237035543,0.107862413,-0.524978042,-1.499691486,6
4,0.179679304,0.67991209,0.01700595,0.634522736,-1.268671751,6
5,-0.054662593,-0.001670599,-0.167084277,0.327515364,-2.000527859,6
6,-0.274993062,0.272096753,-0.397394717,-0.737960219,-1.128362179,6
7,-0.043294497,0.033572018,-0.455445856,0.411631048,-1.755137444,6
8,-0.599980593,-0.287869453,-0.860520363,-0.800740123,-0.878245354,1
9,0.739556253,0.071000934,-0.015990376,0.340057433,-1.285714149,6
10,-0.342968285,-0.167478085,-0.179830506,0.770024955,-1.278887749,6
11,-0.074883372,0.170617878,0.167207599,-0.805871785,-1.489876032,6
12,0.213245511,0.333364695,-0.158839792,0.298437417,-1.075146675,6
13,-0.099492379,-0.00283736,-0.948609471,-0.367963552,-0.665602684,1
14,-0.347488493,0.277032882,-0.200367287,0.554819345,-1.329765558,6
15,-0.400411189,0.020211935,-0.107998855,0.930944026,-1.236860275,6
16,-0.20447588,0.093354702,-0.153389603,0.506270826,-1.465483665,6
17,-0.092269845,0.160733044,0.316171676,-0.815985024,-1.316749334,6
18,-0.013779044,-0.005930305,0.057067066,-0.845802546,-1.555372,6
19,-0.245369375,0.229571313,-0.136723489,0.583247244,-0.883761048,2
20,0.108203262,0.176960349,0.288471788,-0.742717206,-1.491735458,6
21,-0.070089348,-0.442450821,-0.965645075,-0.340019077,-0.649191737,1
22,-0.170569733,0.386829138,-0.037561804,0.134713605,-0.903465033,6
23,-0.051079676,0.043782234,0.413281292,-0.652587652,-0.915669799,6
24,-0.197644949,0.185567886,-0.07971321,0.796361029,-0.878602386,2
25,-0.204540461,-0.118267119,0.238800496,-0.972537398,-1.404430628,6
26,-0.192168683,0.032282829,-0.264672905,0.281049848,-1.236136913,6
27,0.158742577,0.310970783,0.121860921,0.127348229,-0.955381989,6
28,0.279029131,-0.207853436,-0.355941534,-0.049858272,-1.373909712,6
29,-0.04262054,0.002797008,0.165966362,-0.459828734,-0.988037109,6
30,-0.435407579,0.28004837,-0.598973155,-0.553053498,-0.09170568,1
31,0.027453154,0.039064586,0.135566354,-0.644176304,-1.19610095,6
32,0.149046928,0.34346658,0.262984008,-0.369180083,-0.655024767,0
33,0.407671988,0.173398405,-0.195305675,-0.035902992,-0.688026309,6
34,-0.09011887,0.185899615,0.212974995,-0.035628125,-0.77648437,6
35,5.79E-05,-0.050173342,0.210956872,-0.554955065,-0.777900577,0
36,-0.14765209,-0.11835289,-0.821907759,-0.29162997,-0.284829497,1
37,0.029871792,-0.17943126,0.254429609,-0.31058082,-1.267989874,6
38,0.346606672,0.359820217,-0.003319055,0.244262591,-0.584658623,2
39,-0.248560876,0.208361775,-0.237798676,0.799421847,-0.817725897,2
40,-0.398779273,-0.24808377,-0.543413281,-0.546759546,-0.37258172,1
41,-0.015421152,0.23018083,0.141221285,0.223788664,-0.617701292,2
42,-0.059743658,0.18786782,0.216177225,-0.50629127,-0.426346779,0
43,-0.133403659,-0.068250656,0.563511372,-0.830770612,-1.109263659,6
44,-0.025786862,0.276861697,0.177625388,-0.514014781,-0.768744826,6
45,0.210199028,0.022575259,-0.187320709,0.086267665,-0.677191973,2
46,0.028285071,-0.044840336,-0.284705669,-0.04643181,-1.034227371,6
47,0.140776098,-0.150075912,0.036329299,0.629064798,-0.810106993,2
48,-0.052718401,-0.045343459,-0.77579248,-0.269055128,-0.209794879,1
49,0.220656186,-0.13492918,-0.214748517,-0.316875696,-0.897176981,6
50,-0.196117669,0.140307784,-0.097707421,0.403364539,-0.545763373,2
51,0.156601161,0.204860836,-0.060796157,0.355023146,-0.586914778,2
52,0.231146663,-0.03272891,-0.091589093,0.541265845,-0.929962993,2
53,-0.26445964,0.183001816,-0.048157156,0.098968938,-0.725980401,2
54,0.215719104,0.065858901,-0.444554389,0.315101504,-0.938614964,6
55,0.220220476,0.084427893,-0.077662975,0.103437528,-0.974189281,6
56,0.1248959,0.093330503,0.080740988,-0.258660287,-0.75767827,6
57,-0.230773166,0.136685103,0.533293962,-0.76668179,-0.616336465,0
58,0.11537683,0.166102082,-0.087707937,-0.335594893,-0.495445371,0
59,-0.143905982,0.116612256,0.09292689,0.036647186,-0.608680844,2
60,-0.101340562,-0.426029742,-0.887738943,-0.318131089,-0.440780878,1
61,-0.061151646,0.119508088,0.212837517,-0.352150261,-0.458487391,0
62,-0.257229745,0.208456755,0.180425346,0.09238629,-0.582527161,2
63,0.315913498,0.172849625,-0.219479799,-0.128017619,-0.458338141,1
64,-0.324203014,0.247588754,-0.503404438,-0.481850684,-0.06849432,1
65,-0.122907668,0.132379144,0.180990577,-0.346305013,-0.184039831,0
66,0.237907887,-0.058870792,-0.186045259,-0.001127556,-0.925411224,6
67,0.502801716,0.158420205,-0.239137322,0.109233275,-0.683721781,6
68,0.130002141,0.034820557,0.003905237,0.454464972,-0.671688437,2
69,0.037166685,0.141463786,-0.167304084,0.350091875,-0.497046709,2
70,-0.046101913,-0.059889913,-0.012071282,-0.28255412,-0.613106847,0
71,0.061872825,-0.084186912,-0.175147146,0.347425938,-0.423552394,2
72,-0.239540473,0.317840606,-0.289493203,-0.478150666,-0.129141331,1
73,-0.202152014,-0.054313064,-0.078519344,0.452673495,-0.551150084,2
74,-0.01121743,0.03937912,0.145210177,-0.520770013,-0.581952691,0
75,0.499332368,-0.020608068,0.077075273,-0.003624633,-0.369119167,0
76,-0.285391688,-0.025717556,0.016504452,0.455401957,-0.62245512,2
77,0.189623058,-0.021588147,-0.041184142,-0.131657019,-0.574295402,0
78,0.006507874,0.12389046,0.008146018,-0.305595458,-0.64634347,0
79,0.398555994,-0.070584655,-0.238950804,0.015019953,-0.627048612,6
80,0.198468328,-0.123232663,0.038673371,0.036795095,-0.865271926,6
81,0.001445502,-0.104228735,-0.172154158,0.400247514,-0.690885663,2
82,-0.152298689,-0.008842826,0.017105922,0.211953536,-0.470415235,2
83,0.019654855,-0.126268446,0.241146922,-0.585295141,-0.932139754,6
84,0.171731949,-0.526396811,-0.173299402,-0.313913494,-0.750869632,6
85,0.177528918,-0.153312325,0.012255713,0.286838114,-0.486901045,2
86,-0.037136629,0.125319064,-0.061161324,0.544976056,-0.424179792,2
87,-0.040877879,0.010039806,0.24348551,-0.265173793,-0.453905106,0
88,0.102459073,-0.054025114,-0.147366837,-0.187648878,-0.673022628,6
89,0.090048045,0.153245062,0.003259018,-0.373589277,-0.648746967,0
90,-0.224713862,-0.159256339,-0.915311813,-0.371068209,-0.272150397,1
91,0.085157931,0.202018142,0.303631932,-0.384608686,-0.55401063,0
92,0.009977996,0.225595891,0.138230711,-0.35762924,-0.20166254,0
93,0.407371879,0.224012077,-0.134522691,-0.025776386,-0.457587242,2
94,0.062737629,-0.132309556,0.072306484,-0.046830416,-0.58327806,2
95,-0.312612236,0.04465282,0.122458041,0.495314658,-0.516838193,2
96,0.021155879,-0.108642936,-0.630385637,-0.22939387,-0.208420515,1
97,-0.19740212,-0.249252558,-0.606081545,-0.326143622,-0.178542495,1
98,0.484472871,-0.251448452,0.075726599,0.020124123,-0.780779004,6
99,-0.096975282,-0.070634246,-0.130698264,0.684140205,-0.562802076,2
100,-0.134340271,0.075869977,0.044367105,0.50716126,-0.411817789,2
101,0.008221298,-0.059855819,-0.658825994,-0.239008844,-0.130223989,1
102,0.232083678,0.127068967,-0.166110873,0.2648139,-0.954679608,6
103,-0.030271783,0.309803456,-0.089150414,0.482449591,-0.243206263,2
104,-0.086302973,0.087072968,0.027565986,0.226938114,-0.540740848,2
105,0.027805686,-0.025868475,-0.1681353,0.055297866,-0.522241116,2
106,-0.2256051,0.297732949,0.166462749,0.482536614,-0.354858041,2
107,-0.167565197,-0.380407035,0.004963756,0.402385592,-0.961992621,6
108,0.138706952,-0.253776491,0.055574059,0.223780051,-0.572256327,2
109,-0.239512131,-0.224892676,-0.367632866,-0.319830239,0.06329006,1
110,-0.0738023,0.198807836,0.215754598,-0.035394967,-0.412772655,0
111,-0.061630905,-0.167058289,-0.066428527,-0.419081032,-0.470624804,0
112,0.137083799,-0.211932242,-0.170030192,-0.021178469,-0.351254225,1
113,-0.191877514,0.701381981,0.508278608,-0.663596451,-0.126945615,0
114,0.025382385,-0.123174369,0.041609108,0.430239022,-0.43528831,2
115,-0.027414218,-0.183030307,0.060281336,-0.19007501,-0.502568722,0
116,0.124757797,0.048775733,-0.222857729,0.359600544,-0.413202286,2
117,0.021030262,0.358364642,-0.000108287,-0.32154578,-0.1108253,0
118,-0.088456698,-0.194433272,-0.50361383,-0.236391798,0.012322605,1
119,-0.197448552,-0.17057687,0.634562492,-0.631094873,-0.368184686,0
120,-0.08398328,0.149380296,0.009591952,0.067889407,-0.08130908,2
121,-0.19792901,0.443840981,0.047819734,0.28373611,-0.482618809,2
122,0.216925561,0.027537227,-0.304115385,-0.130642682,-0.211706996,1
123,-0.048848204,0.327275932,0.005117416,0.31838572,-0.343222141,2
124,-0.216143012,0.133663327,-0.537232637,-0.324859351,0.128764212,4
125,0.168443441,0.249584079,-0.013176829,0.06702356,-0.364642501,2
126,-0.455050677,-0.051687062,0.251454145,0.845454872,-0.390317202,2
127,0.214419782,-0.194221616,-0.424613982,-0.081081271,-0.192487478,1
128,0.11473608,0.428723037,0.002264321,0.492922127,-0.28082943,2
129,0.007276565,-0.196680963,-0.379398346,-0.229318008,-0.042167187,1
130,-0.064545743,0.077047884,0.02243574,0.080368713,-0.233602762,2
131,-0.011026174,0.141290754,0.221673131,-0.050750136,-0.295782447,0
132,-0.233167619,0.112846255,-0.415918052,-0.334182978,0.188000262,4
133,0.060140431,0.191113919,0.122041702,-0.258842856,-0.483435988,0
134,-0.00779663,-0.201159418,0.27394715,-0.43208909,-0.422027946,0
135,-0.268813401,-0.212235808,-0.809276938,-0.396554947,-0.184203386,1
136,-0.075750038,0.134695023,-0.121903718,0.208618954,-0.553928137,2
137,0.054037109,0.142499626,-0.080785051,0.595336556,-0.435660005,2
138,-0.246233851,-0.277593374,-0.557535172,-0.344862133,-0.082642317,1
139,0.216297537,-0.203550577,-0.41772157,-0.06641683,-0.207320452,1
140,0.033828557,-0.038050175,0.199848056,-0.310248882,-0.114362717,0
141,-0.10802716,0.05976671,0.039576799,0.646576345,-0.506820917,2
142,0.037411705,0.153453559,-0.052361012,0.42975843,-0.193633795,2
143,0.028727308,0.068846822,-0.234943733,0.315063417,-0.450021863,2
144,-0.204763949,0.180238724,0.115562528,0.413162053,-0.182133555,2
145,-0.199633688,-0.228322625,-0.037583113,0.813133895,-0.999284983,2
146,-0.008695245,0.144069314,-0.92261827,-0.196578979,0.015397549,1
147,-0.217382029,0.0854702,0.132321328,0.244645223,-0.204597592,2
148,0.047476619,-0.080833256,-0.02619268,0.241432324,-0.312535286,2
149,-0.021475747,0.041545331,0.227951735,-0.093207404,-0.467535615,0
150,-0.04498186,-0.363103271,0.233135611,-0.376266539,-0.47761488,0
151,0.106102526,-0.154866815,-0.253466159,0.025794327,-0.373350978,1
152,-0.250994325,0.121931762,0.265956819,0.340569973,-0.074487209,2
153,0.125538975,-0.147736669,0.045794159,-0.161195695,-0.314191222,0
154,0.119870126,0.045967519,-0.417463034,-0.092264205,0.057646632,1
155,0.211446673,-0.04653573,-0.161014229,0.250711083,-0.39276278,2
156,-0.178679898,-0.051043987,-0.926379204,-0.30336231,-0.133723378,1
157,-0.049756899,-0.222116649,-0.441027522,-0.237300009,-0.057832718,1
158,-0.083381452,0.157879412,0.34213677,-0.476405561,-0.123065233,0
159,-0.087562323,-0.44739002,0.467575639,-0.563921094,-0.551226616,0
160,0.148733437,-0.210894227,-0.271599621,-0.032511726,-0.175602794,1
161,-0.001173154,-0.145117044,-0.52207154,-0.21046558,-0.059404373,1
162,-0.205769569,0.181028038,0.411068767,-0.5898242,-0.111382842,0
163,-0.076111309,0.093485832,-0.145195276,-0.343025893,-0.055628419,0
164,0.119761467,-0.054596186,-0.214706093,0.164041594,-0.247342944,2
165,0.012058198,-0.099455535,-0.237344742,-0.218080834,-0.071536422,1
166,0.184087515,0.244039655,-0.103591628,0.01723735,-0.183601737,2
167,0.18968752,-0.215131044,-0.070110425,-0.264549792,-0.477591634,0
168,0.137756646,0.024551928,0.207592428,-0.374942064,-0.564445972,0
169,-0.275982499,0.156613171,0.053557664,0.45472157,-0.294801712,2
170,0.074226737,-0.047795236,0.078706473,-0.223043293,-0.278730035,0
171,0.038656145,0.200782508,-0.097257286,0.504027665,-0.172457218,2
172,0.032208279,0.119985938,-0.046960711,0.280483961,-0.191157699,2
173,0.147405088,0.070486248,-0.088690192,0.252541423,-0.2787112,2
174,-0.026216075,0.309760153,0.182077438,-0.153383762,-0.318947315,0
175,-0.093805641,0.204878569,-0.121725358,0.593182087,-0.190616012,2
176,-0.1687022,0.126057446,0.097492874,0.316879749,-0.267104268,2
177,-0.117851421,-0.097005069,-0.546775937,-0.225781828,0.106487453,1
178,0.122808307,-0.105015755,-0.001141563,-0.155048102,-0.32639873,0
179,0.085081071,-0.029669881,-0.060634702,0.464565396,-0.307452559,2
180,0.311770409,-0.217612684,-0.143007874,-0.003093809,-0.452815413,1
181,-0.081671707,-0.0606758,-0.044546291,0.389071465,-0.248266339,2
182,-0.151897967,0.216834277,0.596970916,-0.477991521,-0.112051606,0
183,0.098717779,0.274943858,-0.077630535,0.372850358,-0.133453131,2
184,0.167955071,-0.131421387,-0.436369777,-0.035056919,-0.200848699,1
185,0.020604789,0.087801337,0.247098446,0.035991594,-0.096251845,0
186,-0.001030132,-0.026056409,0.196390182,-0.068530515,-0.282924175,0
187,-0.104622394,0.0317415,-0.536038399,-0.235158563,0.13131851,1
188,-0.06821882,0.352833241,0.354114085,-0.466787875,-0.177507997,0
189,0.240157247,-0.144534409,0.043795317,-0.240919694,-0.48849237,0
190,0.001255363,0.36727792,-0.661744595,-0.162492663,0.336648166,4
191,-0.174640134,0.030261159,0.039618075,0.282124162,-0.20096314,2
192,0.031885177,0.31376335,-0.057585925,0.483094037,-0.312507272,2
193,-0.089298621,-0.072488904,0.329377919,-0.059389159,-0.233642459,0
194,0.012962326,0.013150752,-0.026733339,0.510344982,-0.263014674,2
195,0.13507086,0.111590743,0.134070963,-0.16153197,-0.11171782,0
196,-0.008833051,0.261632681,0.105251491,-0.384669125,-0.183457494,0
197,0.045068532,-0.041155457,-0.039522156,0.165572777,-0.222023726,2
198,-0.041931026,0.01485163,0.006153479,-0.415847838,-0.300428629,0
199,0.045639381,0.067213535,-0.038713351,0.236427948,-0.167220592,2
200,-0.063341632,-0.161243677,-0.051996246,-0.436114848,-0.395398736,0
201,-0.106057778,-0.107699692,-0.081862465,0.474578261,-0.203622937,2
202,0.100786179,0.27685684,0.086847484,-0.27475509,-0.221416712,0
203,-0.041798413,0.128431499,0.200977653,-0.424307287,-0.202273965,0
204,-0.128124744,0.164373904,0.0743725,0.197275087,-0.259418845,2
205,0.059185401,0.030575037,-0.070426896,0.233378991,-0.20073545,2
206,0.282691896,0.375253379,0.139293432,0.07663773,-0.108435869,5
207,-0.277809799,-0.007338047,0.24464187,0.489610493,-0.211225629,2
208,-0.212286264,0.149629056,-0.551361084,-0.291593879,0.228374779,4
209,0.015523791,0.067118645,0.183968812,-0.419679284,-0.224902749,0
210,0.042610124,-0.030424833,0.049212009,0.388805866,-0.182801723,2
211,0.042611256,0.101038933,0.122793317,-0.2912139,-0.087496996,0
212,0.06513612,-0.098874032,-0.09501332,-0.05337137,-0.406984806,2
213,0.122028589,0.177768111,0.049257129,-0.044457644,-0.045827746,5
214,-0.051974654,-0.014996648,-0.01640293,0.396178067,-0.083460212,2
215,-0.203878671,0.165382713,-0.325370789,-0.302658886,0.237375319,4
216,-0.002043143,-0.241806805,0.131954372,-0.366382658,-0.2092278,0
217,-0.072812162,-0.04096055,-0.669861317,-0.210790858,0.134131432,1
218,-0.047956415,0.147371083,-0.0356673,0.455202162,-0.233661056,2
219,-0.048538134,0.137777895,0.103865117,-0.419624686,-0.257695794,0
220,-0.202766836,0.029145896,0.124276608,0.4117046,-0.160601497,2
221,0.09111543,-0.06947279,-0.034716994,-0.235206991,-0.113160133,0
222,0.404387772,0.022095561,-0.065700486,0.060602412,-0.040153146,5
223,0.138504267,-0.020505369,0.144250691,-0.051404551,-0.088521957,0
224,0.220661044,0.018314481,0.11054045,-0.269292295,-0.320537329,0
225,0.006838381,0.160196722,0.229198158,-0.267038941,-0.049839377,0
226,-0.083610326,0.324869484,0.239530951,0.145348713,-0.079672694,2
227,0.009888142,0.12126559,0.039544463,-0.265247792,-0.092864633,0
228,-0.0081577,0.182040572,0.003670678,0.471846044,-0.028111339,2
229,-0.285516471,-0.188661873,0.071837157,0.621633172,-0.212753415,2
230,0.019504637,-0.079575598,0.172723085,-0.376968205,-0.232882738,0
231,0.17505011,-0.093882322,-0.30293873,-0.044326246,-0.295408368,1
232,-0.055188961,-0.047817588,0.083728254,0.52505368,-0.441399336,2
233,-0.142241925,0.105964959,0.070583761,0.396802247,-0.156378508,2
234,0.262056708,0.14527452,-0.047688127,-0.071283847,0.074222386,5
235,-0.160034031,0.011677802,0.200330824,0.478174329,-0.118441463,2
236,0.201237053,-0.384849846,-0.147431105,-0.127568841,-0.418929338,1
237,-0.040728673,0.198458403,0.293836802,-0.375080168,0.003861487,0
238,0.024128675,-0.066282809,0.043858916,-0.348365188,-0.149942636,0
239,0.239706874,0.045364857,-0.093355253,0.209551379,-0.171622515,2
240,-0.279606104,-0.012028158,0.084475487,0.654205382,-0.068025112,2
241,-0.014625639,0.061779022,0.156739533,-0.35367915,-0.023178816,0
242,-0.099559814,-0.015180945,-0.154063225,0.521544039,-0.366207719,2
243,-0.080477528,0.032870173,0.121022701,-0.405179381,-0.181848764,0
244,-0.345128119,0.179006338,0.091260225,0.65734297,-0.188256621,2
245,0.016707242,-0.340133369,0.183264256,-0.33525902,-0.360323548,0
246,-0.131904915,-0.277650118,0.482934743,-0.448726833,-0.076887012,0
247,0.115648061,0.183613598,-0.36833632,-0.127546325,0.314967275,4
248,-0.262940139,-0.329480588,0.181492835,1.023351431,-0.634498,2
249,-0.146352157,-0.130905926,-0.563711107,-0.239006251,0.146174669,1
250,0.104967684,0.12931177,-0.064940244,0.097821161,-0.010394216,5
251,-0.042649075,0.14628157,0.073274493,-0.355229557,0.023850083,0
252,0.130723834,0.106441438,0.081346929,0.32497406,-0.057421446,3
253,-0.059783719,-0.199380934,0.324660152,-0.457606375,-0.364304304,0
254,0.083074063,0.010642171,-0.006910473,-0.091857553,0.029798925,5
255,0.005957007,0.060531199,0.090379089,-0.135632187,-0.228722692,0
256,-0.145758748,-0.162998021,0.195339352,-0.003598407,-0.241446972,0
257,0.225083917,0.18318665,-0.120958373,0.231710777,-0.033980012,3
258,-0.037204243,0.148421198,0.280015856,-0.346608788,-0.014295101,0
259,-0.050309546,0.190110117,0.080685407,-0.406406969,-0.08898139,0
260,-0.067597322,0.081751227,-0.170171365,-0.359737694,0.04835397,0
261,0.154429555,-0.084125578,0.124385536,-0.133993492,-0.140491247,0
262,-0.0944767,0.121230662,-0.394504994,-0.231180906,0.322843432,4
263,0.003803536,0.078435123,0.129995584,-0.321540415,-0.064433455,0
264,-0.06629996,-0.185561299,-0.079566345,-0.186673239,0.070350289,5
265,0.000235632,-0.111471713,0.115565747,-0.01927641,-0.031449676,0
266,0.049644187,0.1002087,-0.246750638,-0.215505645,0.141002119,4
267,-0.03403338,-0.157862306,-0.27555421,-0.166268781,0.209313095,4
268,0.317282617,0.082509518,-0.174903408,-0.00834927,-0.090376139,5
269,0.075746194,0.052581072,0.074768811,0.380962014,-0.155246019,2
270,-0.063415542,-0.087852061,-0.186120972,-0.289652795,-0.018124342,1
271,-0.302080005,-0.321084559,0.883130908,-0.696678996,-0.216248751,0
272,0.325776249,0.146567553,-0.094915628,0.123111948,0.010902226,5
273,-0.187819049,-0.130284607,-0.425025165,-0.257652462,0.216342807,4
274,0.381180525,0.142325103,-0.029103592,0.111280337,0.167966485,5
275,0.076004267,-0.061579943,-0.004253402,0.162549421,-0.157997847,2
276,0.037552103,-0.139021158,0.309370011,-0.342608571,-0.149985552,0
277,0.100073874,0.029274821,0.053242058,-0.200021461,-0.124156356,0
278,-0.162840337,0.358036727,0.372943789,-0.508282304,0.149882495,0
279,0.11841017,0.061603427,0.285261005,-0.081399664,-0.125080824,0
280,-0.097392805,-0.019337177,-0.491416037,-0.219718859,0.206158876,4
281,0.126371682,0.187147886,-0.001915455,-0.092459232,0.056667387,5
282,0.375303268,-0.295928538,-0.062199816,0.073553815,-0.171993852,5
283,-0.192530826,0.225674063,0.187874705,0.125269756,-0.122441769,2
284,0.182034761,0.087702274,-0.019534692,-0.222491592,-0.190827608,0
285,-0.137789533,0.161960602,0.127140045,0.263602853,-0.07565403,2
286,-0.135288149,-0.186236858,-0.67568028,-0.237232357,0.124405444,1
287,-0.140681237,0.253555149,0.327482969,-0.439809442,0.051917076,0
288,0.087296709,-0.106609702,0.184140295,-0.155820057,0.064644635,5
289,0.031569317,-0.019065022,-0.008594185,-0.24862577,-0.014027596,0
290,0.058829173,0.042683542,0.066231787,-0.315630376,-0.126442313,0
291,-0.226758361,-0.252743244,-0.054973871,0.771659613,-0.389243722,2
292,0.027453452,0.037939191,0.18346867,-0.009010911,-0.060469031,0
293,0.232263982,-0.079406917,0.031751126,-0.082495153,0.021869481,5
294,0.358678699,0.112729311,0.135515124,0.038047597,-0.106212139,5
295,-0.323167562,0.035755634,-0.276536614,-0.413651347,0.195093691,4
296,-0.077929534,-0.155670106,-0.377528906,-0.176081821,0.243477881,4
297,-0.047328845,-0.126610816,-0.4220047,-0.162466288,0.261316538,4
298,0.176086575,-0.178340077,-0.221443877,0.012326404,0.06583643,5
299,0.179828435,-0.089335144,-0.108717687,-0.044659153,-0.098813534,5
300,0.000678509,0.073328912,0.057253599,0.473845601,-0.025085926,3
301,0.04490158,-0.094195485,0.17847088,-0.096391588,-0.052999377,0
302,0.048687562,-0.142550409,-0.064781561,-0.195771798,-0.032070398,0
303,0.075431764,-0.479378164,-0.03790006,0.007419094,-0.141000628,1
304,-0.004189238,-0.123866796,0.060161084,0.16651608,0.046008885,3
305,-0.150877953,-0.065634668,-0.472349167,-0.227092043,0.311889768,4
306,0.207134068,-0.0701648,-0.167028219,0.041378215,-0.015948057,5
307,-0.194690377,-0.168736279,-0.24784413,-0.30567199,0.218282342,4
308,-0.104771033,0.261295736,-0.062539145,0.484956443,-0.028122663,2
309,0.190063179,-0.121836007,-0.356405675,0.059248671,0.02703476,1
310,0.165753007,0.106643677,-0.0772845,-0.090593666,0.00625807,5
311,0.006263316,-0.209248841,0.234112412,-0.33343333,-0.069645047,0
312,-0.110018618,-0.140466332,-0.529405236,-0.201307267,0.181839526,1
313,-0.008313477,-0.047744095,0.080849141,0.382589817,-0.14115274,2
314,0.128891766,-0.080197453,0.148046374,-0.207070962,-0.107107162,0
315,0.120786607,-0.021695197,-0.018265158,0.287997246,0.046905398,3
316,-0.211848691,-0.119678199,0.410290271,-0.062162802,-0.073727846,0
317,0.026195869,-0.003029585,0.051233202,-0.272277951,-0.038689137,0
318,-0.202545002,0.332240641,0.184034765,0.200260624,0.319305718,3
319,0.056794271,-0.230407655,0.014799327,-0.263858706,-0.090707421,0
320,-0.169733614,0.097040236,0.470430285,-0.489904523,0.030705512,0
321,-0.120214097,0.143347234,0.352489442,-0.445575416,0.047692776,0
322,-0.341375053,-0.261375308,0.101388812,0.741286337,-0.124567032,2
323,0.047433227,0.018898606,-0.026301786,0.33234781,-0.081455946,2
324,0.043590918,-0.063136339,0.244282871,-0.03094627,-0.061934948,0
325,-0.008431613,-0.12935859,0.026894376,-0.312106609,-0.008338332,0
326,0.043091178,-0.01055944,-0.006725878,0.480167389,-0.0182935,3
327,0.305099726,0.185841113,-0.011531338,0.012601346,0.015516937,5
328,0.080520228,-0.416433036,0.246183634,-0.285128355,-0.102993011,0
329,0.010693595,0.084055543,0.152337939,0.247715518,0.005947649,3
330,-0.14258258,-0.028392136,-0.074580431,0.609205365,-0.176194906,2
331,0.150590509,-0.003796637,0.044524193,0.161518559,0.000954747,3
332,0.118590772,-0.187771618,0.084860176,-0.236465648,-0.077550173,0
333,-0.00967592,0.068101466,0.042881966,0.275953591,0.126727343,3
334,0.117708147,-0.301815629,-0.08638145,0.076971367,-0.126611948,1
335,-0.16771245,-0.092893124,0.111196935,0.618178129,-0.309811473,2
336,0.064889789,-0.151040196,0.156303883,0.431565285,0.077329576,3
337,-0.137924239,-0.170949996,0.296320111,0.538977861,-0.037642837,3
338,0.158299714,-0.018034995,0.135802895,0.177111074,0.104466498,3
339,-0.007538438,-0.169662058,-0.371258199,-0.125965893,0.331915021,4
340,-0.030807182,-0.188865423,-0.32276392,-0.167907804,0.298324049,4
341,0.277501166,0.07992059,0.007433087,0.153476074,-0.000746846,5
342,0.136525065,0.138302058,0.099364668,-0.061726078,0.011240661,5
343,-0.097040877,0.015289187,0.046031803,0.451372504,-0.123740792,2
344,-0.076775759,0.165578723,-0.036958531,0.48274529,-0.011043072,3
345,-0.155312687,0.012291074,-0.379387021,-0.218792289,0.402309895,4
346,0.035772353,-0.017251313,0.182719588,-0.352076143,-0.087061524,0
347,-0.27073735,-0.103716969,0.185242057,0.275831819,-0.283602238,2
348,0.043186367,0.035378814,0.176913142,-0.267623603,0.074829698,0
349,0.043652222,-0.226733923,-0.049615651,0.081432238,-0.167497754,2
350,-0.029912919,0.079995036,-0.545738697,-0.121048443,0.446203172,4
351,0.353150129,0.063548803,-0.067581952,0.032719895,0.117774725,5
352,-0.133918583,0.089243472,0.148977041,0.382165372,0.093862832,3
353,-0.048643157,0.345864505,-0.017571196,0.433169842,0.14821285,3
354,-0.004598379,0.200793654,-0.004836604,0.584595501,0.104414999,3
355,0.186670154,-0.324037313,0.049519718,-0.045062616,-0.060397267,5
356,0.01753062,0.146118581,0.191690356,-0.23922208,0.105263948,0
357,0.258350313,0.23066929,-0.076030865,0.020624265,0.307064056,5
358,-0.000936255,-0.138343871,0.107414961,-0.301299423,-0.057474375,0
359,0.111955166,0.269188881,0.101008832,-0.194416687,0.283301115,5
360,-0.190922439,-0.186156929,-0.333516985,-0.259890348,0.316641212,4
361,0.255137593,-0.015954494,0.028674215,0.106979802,0.142461836,5
362,0.317759752,-0.030486465,-0.084830537,0.077707157,0.045987606,5
363,0.018424883,-0.023508072,0.167958647,-0.256724596,-0.035488844,0
364,-0.126588941,0.167716831,0.475157827,-0.503715098,0.140899718,0
365,-0.036673151,-0.150498033,0.124241561,-0.038398057,-0.160182953,0
366,0.071700975,0.004832387,0.042165458,-0.323301107,-0.023476481,0
367,0.004005238,-0.019883335,-0.331694186,-0.103344046,0.443769574,4
368,-0.004271075,0.074814975,-0.088354737,0.251472592,0.059619367,3
369,0.226455629,-0.044814944,-0.09637922,0.034169182,0.056965649,5
370,-0.168780923,0.06993252,-0.235993907,-0.252075493,0.442896545,4
371,-0.133779779,0.416349202,-0.621250629,-0.214439705,0.47692287,4
372,-0.233373567,-0.092552304,0.039951473,0.630301237,-0.010227084,3
373,0.259232312,0.078169167,-0.022119686,0.063956395,0.256238103,5
374,-0.0804158,0.035225987,-0.358152032,-0.164031625,0.495921016,4
375,0.229411274,-0.028466642,0.006558314,0.098431841,0.130532801,5
376,-0.088253401,-0.126827061,0.146326065,0.371277273,0.085727274,3
377,-0.07946597,0.024673402,-0.455937386,-0.174988925,0.406293988,4
378,0.021759555,0.073156476,-0.220287964,-0.074816093,0.280937374,4
379,-0.137120485,-0.089350879,-0.454845101,-0.269876301,0.242013991,4
380,-0.070934229,0.03652513,0.259891212,-0.398116231,0.139613569,0
381,0.102236599,0.207039326,-0.09739852,0.173675135,0.093061447,3
382,0.069597304,-0.302263558,0.027825594,-0.219550148,-0.130575418,0
383,0.183344245,-0.232761145,0.139116913,0.136495486,0.114134192,3
384,0.027506739,0.078187883,-0.04594551,-0.112725556,0.186284602,5
385,0.035363227,0.105794549,0.146137059,-0.308598489,0.057962656,0
386,-0.011481121,0.082830429,0.098303884,0.203698441,0.024422705,3
387,-0.042453885,-0.12122786,-0.355905592,-0.157585889,0.293961346,4
388,0.141830087,-0.205843627,0.094579935,0.320576191,0.100596249,3
389,-0.030867323,0.024372101,-0.541990876,-0.130028903,0.389280498,4
390,-0.137929171,0.086777747,-0.379800737,-0.19043225,0.4386127,4
391,0.158060998,-0.061903238,0.004097521,0.330478549,0.010396481,3
392,0.113580793,0.038849533,0.065681159,-0.070656851,0.127157629,5
393,0.172608882,0.152379066,0.023716018,0.034691468,0.314849198,5
394,0.030184492,0.128595054,0.06181553,-0.012571424,0.291734159,5
395,0.043787912,-0.05082792,0.161733538,-0.256287217,-0.030384898,0
396,-0.057102941,-0.044957578,0.00018172,0.531641364,0.06033963,3
397,-0.177303255,0.116292059,0.238485098,0.291409433,0.079526246,3
398,-0.056042649,-0.086053848,0.119870424,0.376541555,0.206855476,3
399,0.075263008,0.005562425,0.017117515,0.212801561,0.113497734,3
400,-0.002669916,-0.009654045,0.264404863,-0.35914737,0.024272859,0
401,-0.173899233,0.054934502,-0.525661528,-0.251749933,0.327251971,4
402,-0.009334177,0.294375718,-0.537032008,-0.105307788,0.576969981,4
403,-0.037934162,0.133118004,0.171997786,0.139408484,0.035973251,3
404,0.225191504,0.049453914,-0.059683055,0.253406525,-0.035338521,3
405,0.103462577,-0.133968592,-0.118869133,-0.252537429,-0.130341768,0
406,-0.022442907,-0.154894292,-0.545023084,-0.104925819,0.340419769,4
407,-0.222448736,0.100343287,-0.373226702,-0.301041663,0.38075918,4
408,0.006868824,0.122844279,0.177872151,-0.283075809,0.147133648,5
409,-0.101934366,-0.1527583,-0.478031009,-0.191966861,0.285249889,4
410,-0.15750365,-0.159181476,-0.258249998,-0.246975273,0.234604836,4
411,0.142926157,0.339756697,-0.016265541,0.174760208,0.213853061,5
412,0.119469434,0.093027949,0.046073198,-0.155984953,0.170460582,5
413,-0.096651822,-0.009418786,0.42551592,-0.398199767,0.113923252,0
414,0.115579754,-0.170962393,0.115508854,-0.158780605,0.113895655,5
415,0.15531677,-0.026293457,-0.009076402,0.213709757,0.044850588,3
416,0.139680564,-0.088172436,0.019221157,-0.112885699,0.112265706,5
417,0.140536636,0.038216889,-0.014435187,0.310442746,0.199772358,3
418,-0.043544576,0.004246354,0.173007846,-0.248435631,0.264281631,5
419,-0.110599682,-0.279492497,-0.030015349,0.440078318,-0.03816402,3
420,0.132163733,-0.28708601,0.075459123,0.467241168,-0.025675893,3
421,0.258834988,-0.028066099,-0.062898934,0.231201306,0.119737029,3
422,0.018575594,-0.04403156,0.20407781,-0.226997092,0.179638207,5
423,0.048418239,0.072337985,0.012346283,0.130895332,0.055678546,3
424,0.019839287,-0.01580584,0.209593773,-0.325521708,0.029279292,0
425,0.171941251,-0.191773891,-0.04161714,0.010066912,0.146668196,5
426,-0.13896507,0.0423944,0.114611655,0.296815097,0.090061784,3
427,-0.144784153,0.140946329,-0.486724228,-0.222991437,0.452425361,4
428,-0.051774092,-0.173422098,0.087623835,0.339965641,0.028548062,3
429,0.154308707,-0.090414941,-0.084806845,-0.046824053,0.12564081,5
430,0.043257177,0.086278975,0.295995623,-0.295026779,0.04510498,0
431,0.229316145,-0.030598223,-0.176469862,-0.003627241,0.232381642,5
432,-0.006485626,-0.129138112,-0.372437894,-0.09234859,0.467081487,4
433,-0.138285995,-0.117462695,0.10437116,0.284407139,0.173260808,3
434,0.205369234,0.010488331,0.058986515,0.012510851,0.199314177,5
435,-0.146231189,-0.200060785,0.15072307,0.271492362,0.050042629,3
436,0.008987576,0.154024452,0.18177554,0.170883968,0.175167501,3
437,-0.046270944,-0.072926044,0.300210923,-0.25821346,0.17399472,0
438,-0.141360015,-0.198298991,0.048330545,0.504855633,-0.051083565,3
439,0.200872719,-0.233864546,-0.050693899,0.050951734,0.044080019,5
440,0.222516418,-0.252177298,-0.077395812,-0.004009277,0.053550601,5
441,0.060681745,-0.234479368,0.021510512,0.174269572,0.037942171,3
442,-0.018447176,-0.195602596,-0.227149203,-0.098588988,0.44767493,4
443,-0.113369808,-0.138393104,0.094441801,0.334736109,0.229110003,3
444,-0.051584393,0.155805916,0.106869072,0.463560641,0.273015499,3
445,0.128467321,-0.203619421,0.094958395,0.313540816,0.147837102,3
446,-0.237611488,0.235831976,0.085902512,0.377876878,0.196252644,3
447,0.0195086,0.042373538,0.194949329,-0.233969644,0.175850153,5
448,-0.085379787,-0.004218161,0.523903251,-0.402116477,0.218366921,0
449,-0.194683477,-0.108331501,0.207254171,0.413263619,0.209952652,3
450,-0.105056971,-0.163820624,0.412395686,-0.346380651,0.145325661,0
451,0.102003038,-0.114559114,-0.075357094,0.212471172,0.092848539,3
452,-0.106703237,0.070270479,-0.533514142,-0.169077814,0.427743793,4
453,-0.10215643,0.108592331,0.236901373,0.243769363,0.324448287,3
454,0.021305457,0.103931665,0.068051696,-0.11866498,0.323502064,5
455,-0.098074213,0.004469156,0.305037826,-0.366291195,0.264092147,0
456,0.237954795,0.298496038,0.221968204,0.085912779,0.254707932,5
457,-0.049158812,0.082954049,0.065006912,0.383746326,0.215902805,3
458,-0.073644564,-0.06224829,0.269756854,-0.031060234,0.019919395,0
459,0.084464043,-0.018152177,-0.04507561,0.46269083,0.10439676,3
460,-0.064159013,-0.117670357,-0.001210138,0.481041729,0.059931874,3
461,-0.284576267,-0.234751821,0.160915226,0.66962719,0.025511563,3
462,0.170920283,0.143341541,-0.064178422,0.140998289,0.314486802,5
463,0.249126673,-0.065504372,-0.003052399,0.202946976,0.171715736,3
464,-0.162712291,0.009184301,0.145765871,0.273519874,0.209334016,3
465,-0.060325883,0.220319122,0.177615821,-0.326681554,0.160143375,0
466,0.002403021,-0.173572898,-0.13255769,-0.137409523,0.424212635,4
467,-0.197540641,-0.107074022,0.540746808,-0.487319231,0.118988395,0
468,0.027137056,0.182552546,-0.485873044,-0.061755195,0.58660984,4
469,0.081243157,-0.324281871,0.292410642,-0.256688118,0.083816707,0
470,0.054340854,-0.021524608,-0.217129782,-0.139514297,0.390987337,4
471,-0.157309845,0.042155743,-0.360592663,-0.23061204,0.497989118,4
472,0.02120775,0.061752856,0.119869769,-0.155976444,0.175065041,5
473,-0.149582535,-0.06720835,0.286796421,0.286672056,0.201603651,3
474,-0.220730215,-0.265076339,0.081366211,0.493211925,0.040047228,3
475,-0.11816667,-0.210656226,-0.011051163,0.388873637,0.079096258,3
476,-0.007168144,-0.301308692,0.127981782,0.233467296,0.207533658,3
477,0.052615196,-0.354982793,0.208147436,-0.23784253,0.092443764,0
478,0.190686464,-0.072227836,-0.076353878,0.02732639,0.156914234,5
479,0.263542444,-0.119222403,-0.036896139,0.061640874,0.190775573,5
480,-0.055456758,-0.198520243,0.342385858,-0.212088287,0.173951924,0
481,-0.153633416,0.019111335,0.303814799,-0.406623155,0.305694818,0
482,0.211068362,-0.124050498,-0.071372524,0.084919557,0.253843784,5
483,-0.107882008,-0.007697463,0.2029984,0.116742775,0.169158936,3
484,0.094639689,0.064946055,0.045124531,0.464272916,0.124421895,3
485,-0.20888187,0.255259335,-0.152874961,-0.302912802,0.568326056,4
486,-0.102428466,0.034485281,0.437604219,-0.399420977,0.226914406,0
487,-0.140208855,0.112051547,0.503311038,-0.53350091,0.033532023,0
488,-0.127543032,-0.058682799,0.126942664,0.386755168,0.314572155,3
489,-0.059250213,0.04466188,0.155454755,0.233466104,0.239809573,3
490,0.010881841,-0.120689511,0.120445788,-0.212052688,0.152209044,5
491,-0.214776993,-0.00985527,0.219537973,0.338014841,0.153012991,3
492,0.039359957,0.078760922,0.073888451,-0.215908438,0.258535624,5
493,-0.032225996,-0.302741587,0.057157755,0.518609285,-0.045199037,3
494,0.065348193,-0.037801266,0.016612783,0.167745963,0.298080862,3
495,0.060081825,-0.072267294,0.122781336,0.311861813,0.046597838,3
496,0.079500735,-0.030606508,-0.246602461,-0.07578674,0.368720472,4
497,0.231800765,-0.058912039,0.131640762,-0.035578802,0.188880146,5
498,-0.002465844,-0.001280487,0.193632603,-0.291892856,0.202146649,5
499,0.065923333,0.020917118,-0.013489321,-0.066422939,0.354589462,5
500,-0.062616937,0.417939305,-0.060902387,-0.312462389,0.393935859,4
501,-0.17543757,-0.063630819,0.065694839,0.512728035,0.190351546,3
502,-0.037389532,-0.000660837,-0.045979157,0.334520042,0.237233877,3
503,-0.054954335,0.203092724,0.226422489,-0.337845027,0.235055923,5
504,0.120411962,0.295591712,0.059556603,0.213556096,0.298774123,3
505,-0.024588913,-0.176333964,0.134829402,0.484150231,0.120952368,3
506,-0.029531568,-0.34180814,0.222501338,-0.118291542,-0.081292629,0
507,0.119051427,0.212692916,0.034216255,0.120036557,0.372416377,5
508,-0.032096907,0.260569096,0.008417428,0.429457843,0.30796957,3
509,-0.249114066,-0.042548895,0.296699554,0.556462765,0.192930877,3
510,-0.152207032,0.040771723,0.090532333,0.381928384,0.274223447,3
511,0.006729305,-0.09191978,-0.019773409,0.444417,0.034444273,3
512,0.092396975,0.037851393,0.057600826,-0.205789551,0.147456825,5
513,-0.085426137,0.032985091,0.013576657,0.498455822,0.244241834,3
514,0.134851038,0.007279932,-0.215089694,-0.062285393,0.377324581,5
515,-0.101120368,0.038809061,-0.557071328,-0.177461833,0.418022394,4
516,-0.130928114,0.017666399,-0.324468255,-0.214982688,0.431025207,4
517,0.121714085,-0.116596639,0.046248049,0.144067958,0.347796798,5
518,-0.022777215,-0.007025242,-0.360176742,-0.131391853,0.494725943,4
519,0.170339495,-0.104806244,-0.063444376,-0.037549406,0.278038859,5
520,0.243207127,0.118165374,-0.035591647,0.329900742,0.226225376,3
521,0.103925467,0.102443337,0.097414941,0.172087654,0.329502761,3
522,-0.014889002,-0.336935699,0.296402723,-0.063170701,-0.088558555,0
523,-0.063601553,0.090500176,0.074792117,-0.299666345,0.364156187,5
524,0.12319532,-0.022705197,-0.187091485,0.018718734,0.402095735,5
525,0.258856237,-0.028857172,-0.034739748,-0.017722338,0.363120615,5
526,-0.148655504,-0.060932934,-0.420253158,-0.217279136,0.392441154,4
527,-0.033393562,0.09213239,0.25090602,0.157006159,0.31534481,3
528,-0.138247445,0.019893348,0.310433894,-0.431558251,0.277084708,0
529,0.034091592,-0.067949176,0.177475542,-0.109603107,0.204731822,5
530,-0.057279721,0.107100785,0.213772863,-0.13073343,0.267785132,5
531,-0.105109259,0.113362014,0.411212951,-0.412509024,0.166099072,0
532,-0.181314066,0.018334031,0.195881724,0.237135366,0.153684676,3
533,0.097067267,0.1245915,0.020984933,0.091216788,0.33676511,5
534,0.230218083,-0.009519935,0.056944937,0.109703198,0.234536231,5
535,-0.037762471,0.103525519,-0.261030138,-0.144583046,0.540668011,4
536,0.094458759,-0.175759792,0.118319005,-0.09849932,0.23518306,5
537,-0.096398011,0.054135382,0.137826383,0.33074975,0.181172848,3
538,0.075675011,-0.339172363,0.169667721,-0.154496253,0.168276489,5
539,0.061991259,-0.040408909,0.156896889,-0.04943566,-0.100509882,0
540,0.001764357,0.195161641,0.047266752,0.169650927,0.295660138,3
541,0.001327142,0.116057694,0.125452489,0.104973003,0.208390653,5
542,0.047242299,-0.06668967,0.062707067,-0.191437393,0.230625331,5
543,-0.162124306,-0.017214477,0.370094448,-0.42502898,0.310784817,0
544,-0.094485961,-0.029266536,0.361286074,-0.30413568,0.314311564,5
545,0.03039819,-0.290840507,0.216816634,0.281754017,0.274533749,3
546,-0.012671188,0.015161693,0.274098366,-0.329626769,0.283888519,5
547,-0.072843768,-0.059752285,0.025398895,0.200426206,0.231364131,3
548,0.221283227,0.232343048,-0.019151211,-0.118085608,0.341484547,5
549,-0.024927825,-0.133036137,0.36606577,-0.207759947,0.286673009,5
550,0.300144702,0.15965879,0.073924571,0.002731606,0.23469764,5
551,-0.040948026,-0.25451082,0.137730956,0.449202776,0.134836793,3
552,-0.063059136,-0.132635772,0.367242604,-0.288211137,0.179077208,0
553,-0.054350488,0.218746066,0.130485207,-0.296266079,0.37422353,5
554,0.090999469,-0.022410095,0.147990644,-0.197006479,0.275377035,5
555,-0.107583344,-0.175100386,0.093371779,0.373679936,0.145630479,3
556,0.007851988,0.09392345,0.058217376,0.15726997,0.2489658,3
557,-0.197646439,0.200528264,-0.198824018,-0.267719835,0.611717463,4
558,0.352197826,0.017028093,-0.055839345,0.044346079,0.144506276,5
559,0.248721391,0.133567601,-0.089814156,-0.032476828,0.362090468,5
560,-0.109213322,0.041229546,-0.485054612,-0.185739249,0.458992183,4
561,-0.093527228,-0.148161888,0.183057964,0.132408366,0.195803881,3
562,0.148934007,-0.316580296,0.062162459,-0.050920919,0.175851583,5
563,-0.009396359,0.127852052,-0.590680003,-0.112352006,0.457809746,4
564,0.087697119,-0.080143332,0.133420348,0.10062547,0.29347086,5
565,-0.06694819,0.239190847,0.008735016,0.189013794,0.419276774,3
566,-0.070895806,-0.1287871,0.124922335,0.408417702,0.162772417,3
567,0.268345445,-0.035980999,-0.022663772,0.097687617,0.302204251,5
568,-0.137686342,-0.196082115,-0.229704812,-0.20476684,0.485146463,4
569,-0.029803336,0.158216715,-0.325130731,-0.173949972,0.526711702,4
570,-0.019171342,-0.093286037,-0.369766951,-0.085628957,0.52811861,4
571,-0.059561796,-0.250241399,0.537482023,-0.189302236,0.204414308,0
572,-0.120210908,-0.227884114,-0.351890206,-0.19234629,0.452262163,4
573,-0.106909782,-0.057979167,-0.001665145,-0.242671594,0.510555029,4
574,0.086886689,0.015758336,0.015864223,0.179467097,0.212072372,3
575,0.096018195,-0.080128551,0.083379,0.241062209,0.295378387,3
576,0.026757985,0.122968584,0.271677226,0.154524907,0.24947691,3
577,0.340322495,0.248547852,-0.118176661,0.038305268,0.417721927,5
578,-0.012383252,-0.101435304,0.088618517,0.193388388,0.210235298,3
579,-0.064955123,-0.030464768,0.14371711,0.270060539,0.29962033,3
580,-0.014999136,0.308455795,0.370777279,-0.221018806,0.300825834,5
581,-0.095232315,-0.175430357,-0.428720951,-0.191446036,0.38802737,4
582,0.124483883,0.055020928,0.172217399,-0.034378082,0.286254585,5
583,-0.03751716,-0.370469928,0.216296941,0.306186974,0.045638442,3
584,-0.114589274,0.150184125,0.278571814,-0.333529294,0.418147266,5
585,-0.172008529,-0.010840118,0.081424415,0.485990584,0.29829514,3
586,0.053988293,-0.047587156,-0.01749742,0.330315113,0.314684212,3
587,0.136013806,-0.009654582,-0.102866888,0.144403145,0.327357829,5
588,-0.195023328,-0.0387187,0.157857686,0.358389914,0.256969035,3
589,-0.205977142,0.100796223,0.114140332,-0.399473786,0.435348034,4
590,-0.196771175,0.146481156,-0.147293419,-0.265566617,0.605588973,4
591,0.007964909,-0.094554305,0.021411121,0.27202177,0.262154818,3
592,-0.118020743,-0.332355618,-0.140146017,-0.179362282,0.472890973,4
593,-0.102313459,0.096376002,-0.204483747,-0.194861531,0.622846603,4
594,0.102509201,-0.212573349,0.087211221,0.25189203,0.330233574,3
595,0.091318399,-0.071721137,0.25396648,-0.253925323,0.189056337,5
596,-0.067832597,0.138235599,0.196939915,0.146796867,0.346593738,3
597,0.148154408,0.151600748,-0.154646128,-0.089577392,0.524427176,4
598,0.039742082,0.251956969,0.169650704,-0.073140696,0.408233643,5
599,-0.050679527,0.075140476,0.237937599,-0.226271614,0.40171802,5
600,-0.135766089,-0.037271023,0.101567209,0.432980895,0.358680308,3
601,-0.015028656,-0.066966116,-0.299528807,-0.114507183,0.524254799,4
602,-0.009910509,0.04391551,0.122591674,-0.028405234,0.334238112,5
603,0.054920554,0.067324698,0.206887484,-0.139625579,0.338271618,5
604,0.047671422,-0.125690341,0.140145451,-0.020398512,0.315969765,5
605,-0.052592561,0.350855768,-0.34958005,-0.149435282,0.73293519,4
606,0.028458446,-0.13141948,0.225818336,-0.270454913,0.238541663,5
607,0.047028005,-0.008723736,0.07272011,-0.163610965,0.323660672,5
608,-0.065280914,0.097920537,0.059705079,0.391746879,0.29444474,3
609,-0.049795598,0.010107458,0.151095688,0.176854208,0.264400482,3
610,-0.017032906,-0.018099904,-0.326221764,-0.116540842,0.51894623,4
611,0.043065667,0.093099713,-0.133731082,-0.075878471,0.53834182,4
612,-0.067193076,0.045447588,0.040795624,0.419628978,0.357493341,3
613,0.04065749,0.065136969,0.170694798,-0.127408147,0.396915436,5
614,-0.112092286,-0.146610141,-0.078854829,-0.203628838,0.482124746,4
615,-0.219454244,0.037960291,0.082498729,0.499694824,0.228034914,3
616,-0.000831857,-0.025866926,0.063776761,0.176726773,0.429852128,3
617,0.053537488,0.037160516,-0.27693826,-0.054742798,0.593868136,4
618,0.093034625,-0.173393726,0.142544359,0.166507766,0.445969641,3
619,0.055492967,-0.010559499,0.132024795,0.386066496,0.341024637,3
620,-0.019811898,-0.356287599,0.424230605,-0.296519905,0.136487186,0
621,-0.039297082,-0.209358931,-0.174669623,-0.156363413,0.505020261,4
622,-0.210161299,0.151662111,0.081426054,0.334094644,0.40614444,3
623,-0.000955522,-0.147539854,0.141708106,0.100878611,0.300575018,3
624,0.149486721,-0.050059259,0.101685792,-0.039210051,0.417954206,5
625,-0.043571852,0.29505223,-0.38061285,-0.164362535,0.643276274,4
626,0.015703276,-0.107696414,0.233322084,-0.26418069,0.251657903,5
627,-0.100648105,-0.007957101,0.405084401,-0.358693868,0.382272482,5
628,0.261862129,0.129007787,-0.025418729,0.090288624,0.426921248,5
629,0.213235497,0.107465088,0.041253477,0.140550986,0.51480335,5
630,0.106678933,0.022740543,-0.018917173,-0.031732425,0.549345613,5
631,-0.101595774,0.114955842,0.423785418,-0.31045422,0.400807142,5
632,0.006370991,-0.052123547,0.236138761,-0.170247853,0.351328731,5
633,-0.03240785,-0.064161777,0.299788207,-0.25288409,0.328329384,5
634,-0.017378613,-0.033990324,0.095752835,0.294604063,0.404476583,3
635,-0.018380478,-0.070021987,0.072537065,0.392489314,0.344319165,3
636,-0.171086371,0.186353892,-0.050416589,-0.287902087,0.598338485,4
637,0.067415535,-0.048741281,0.063496351,0.310462356,0.377185643,3
638,0.01442343,0.124416411,-0.060697645,0.432231247,0.331533074,3
639,0.007950425,0.096256793,0.02676855,0.295582592,0.31523025,3
640,0.184201896,-0.169203103,0.041729331,0.338963091,0.33238101,3
641,0.021349475,-0.162341774,-0.294538021,-0.093075171,0.549137175,4
642,0.154593557,-0.090696394,-0.016010195,-0.015241802,0.335712969,5
643,-0.275173694,-0.13721478,0.181260735,0.493649304,0.241892099,3
644,-0.054469109,0.00932771,0.093711972,0.338392437,0.409612238,3
645,-0.189326316,-0.028911889,0.186224163,0.400915205,0.324579418,3
646,0.099943101,-0.125014424,0.036633372,-0.020645738,0.462844729,5
647,-0.042145543,-0.079907537,-0.030257046,-0.124583498,0.663425565,4
648,-0.079215586,0.280170053,-0.324891955,-0.146995857,0.814201295,4
649,0.010671675,-0.132652223,0.298369795,-0.188763022,0.363660038,5
650,-0.139063671,-0.204908788,0.103908926,0.478378654,0.24476403,3
651,-0.100485712,0.194647968,-0.319989264,-0.172857955,0.670958102,4
652,0.062704623,0.021271169,0.203262359,-0.078477547,0.35533452,5
653,-0.059276186,-0.046782732,0.18127948,0.149851844,0.33163476,3
654,-0.150550723,-0.074598968,0.024347916,0.445310771,0.31544131,3
655,0.088974789,-0.0704723,0.01026316,0.176711723,0.455255389,3
656,0.025999665,-0.220758796,0.159096479,-0.108230591,0.371623933,5
657,-0.049180388,0.23235333,0.263476193,-0.219083652,0.502721667,5
658,0.01870434,0.016200483,0.168397367,-0.181520104,0.369808793,5
659,0.059145689,-0.150098026,0.095427603,-0.139944211,0.336387277,5
660,-0.184074908,0.655723631,0.156541407,-0.458526075,0.520132363,4
661,0.117433697,-0.360491812,0.016441301,-0.074082971,0.245235503,5
662,-0.00874339,-0.09678787,0.385293573,-0.287135243,0.31399703,5
663,-0.021005049,0.063121498,0.028567404,0.366324127,0.296561539,3
664,0.116034299,-0.202416182,0.271843791,-0.07066083,0.264962971,5
665,0.06113413,0.072878957,0.066069394,0.034980759,0.616429329,5
666,0.261292577,-0.02990371,-0.02638343,0.13160859,0.377877235,5
667,0.265501469,0.220117003,0.067431808,-0.056167826,0.411607981,5
668,-0.037736677,-0.293466032,0.244653761,0.369616747,0.358910799,3
669,0.095938236,0.123038381,0.022776276,-0.254116207,0.260597527,5
670,-0.180448085,-0.599713266,0.703956723,-0.459161997,0.192635119,0
671,-0.154925555,0.064736009,0.201577336,0.365189552,0.350510895,3
672,0.140936106,-0.048799336,-0.036473915,0.107544437,0.363954484,5
673,-0.117093876,-0.209241152,0.151619434,0.447690785,0.302895308,3
674,0.104784906,-0.154989481,0.107595712,0.233097151,0.361579239,3
675,-0.012823746,0.104812324,0.200524628,-0.007178068,0.504045188,5
676,0.104220182,0.098760247,0.012343273,0.304843128,0.433619797,3
677,0.080277085,0.055112839,0.041046351,0.143197909,0.371644557,5
678,0.157820821,-0.068276048,0.072715372,0.029757246,0.434589803,5
679,0.060014442,-0.12662673,0.234976351,-0.162403747,0.35041821,5
680,0.024191529,-0.018028855,0.162684232,0.099529818,0.43068403,5
681,-0.083366893,0.349485397,0.142538875,-0.297204643,0.567098022,5
682,0.098144561,0.039086699,-0.024746835,0.190237388,0.555604935,5
683,-0.043297835,-0.462798655,0.473824948,-0.15111956,0.198414862,0
684,-0.090514556,0.154916942,0.215126216,-0.341240972,0.340566993,5
685,-0.030000269,-0.03121382,-0.118714884,-0.129294425,0.635630727,4
686,0.059478253,-0.121836901,0.139091969,-0.209837869,0.340826988,5
687,-0.017470077,0.323898584,-0.416504979,-0.101501562,0.801137567,4
688,0.068999961,0.167946011,0.048505276,0.295976281,0.398671269,3
689,0.084981978,-0.066543281,0.188562274,-0.08243154,0.400245488,5
690,0.039116517,-0.449380815,0.244987905,-0.176302224,0.223376036,5
691,-0.112633854,-0.267860413,0.536171079,-0.372543633,0.364756107,0
692,-0.11537993,-0.002971768,-0.436075091,-0.179819718,0.506401658,4
693,-0.08283557,-0.117752731,0.077521056,0.232462123,0.371041059,3
694,-0.079115368,-0.108183205,-0.376023054,-0.142871112,0.579458714,4
695,0.021063745,-0.047908902,0.207278192,-0.129866779,0.450481296,5
696,-0.075533599,0.088943839,0.330051631,-0.285064101,0.457244098,5
697,0.051356465,0.077802837,0.004821986,0.069205299,0.478753865,5
698,0.085320011,-0.057623148,0.215171367,-0.135486826,0.378404677,5
699,0.015139207,0.071869016,0.024281159,0.181920871,0.454563618,3
700,0.000159711,-0.29704386,0.31288597,-0.228364497,0.336214721,5
701,-0.012531713,-0.342377722,0.37751165,-0.182584569,0.211479425,5
702,-0.058579259,-0.016180038,-0.297657847,-0.127952293,0.627081931,4
703,-0.006860167,-0.019847095,0.15072152,0.243603185,0.424158812,3
704,0.013077796,-0.08220762,0.020957097,0.381578088,0.322222769,3
705,0.122180194,-0.11628598,-0.083849028,0.302659094,0.401267469,3
706,0.055708751,0.143105745,0.077526748,0.151512638,0.409390926,5
707,-0.085763633,0.297842741,0.282681614,-0.342848063,0.457433522,5
708,0.092768431,-0.125830829,0.006163388,-0.114719242,0.370360315,5
709,0.085183993,0.188017964,0.023889691,0.176446036,0.518933058,5
710,-0.01697357,-0.194624066,0.16313985,-0.243397772,0.408065379,5
711,-0.057474367,0.066357434,0.228282541,0.029381141,0.393940449,5
712,0.17312476,0.043424487,0.004448906,0.00198929,0.437050939,5
713,0.022988826,0.05390054,0.094926059,0.358389795,0.524888515,3
714,0.122740954,-0.154388905,0.078523308,-0.132897854,0.35933429,5
715,0.149354041,0.085107327,-0.103131115,0.039953634,0.537711859,5
716,-0.11674083,0.17091158,-0.318954229,-0.180485159,0.645698905,4
717,-0.141433552,-0.349093914,0.19229725,0.462601125,0.319199741,3
718,-0.009683564,0.337003767,-0.461588562,-0.123111218,0.683781087,4
719,0.042808577,-0.003074527,0.125270844,-0.153812408,0.453014493,5
720,0.006186083,-0.062042058,0.081976354,0.097752139,0.424248695,5
721,-0.002384335,0.043237746,0.219323546,-0.155578107,0.481738925,5
722,-0.108884022,-0.025460958,0.081989408,0.403194547,0.425560772,3
723,0.203384072,0.109108865,-0.044784114,0.126306906,0.466141641,5
724,-0.047891445,0.012966156,-0.428268909,-0.1112139,0.594234347,4
725,-0.186862275,-0.05818969,0.124777228,0.513719797,0.415003181,3
726,0.000737607,-0.1053496,-0.255789578,-0.07929866,0.641521454,4
727,0.105558068,-0.005363882,-0.079428434,0.082776353,0.470763326,5
728,-0.026358977,-0.287604094,0.027616203,0.482213974,0.228851795,3
729,-0.152013719,0.101262629,-0.310338557,-0.209695235,0.631281853,4
730,0.132937938,-0.0308038,-0.019086421,-0.007381782,0.392760456,5
731,-0.180760056,-0.082567215,0.128531724,0.509057105,0.381559551,3
732,0.167668968,0.00068903,0.000184208,0.202534541,0.477112651,5
733,-0.047118142,-0.232465863,0.185118049,0.363913715,0.453655124,3
734,0.09315607,0.026628375,0.12914148,0.031111702,0.382248759,5
735,0.088334128,-0.094444335,0.039773226,0.027550086,0.453499973,5
736,-0.072578616,-0.025916219,0.290893644,-0.2926099,0.480008543,5
737,0.052716449,-0.141725004,0.125485867,0.308443248,0.445239365,3
738,0.236670107,0.114811718,-0.001874387,0.025931016,0.546381712,5
739,0.039155319,0.042702377,-0.211692214,-0.08280398,0.662536621,4