PLAYER,GP,MIN,PTS,FGM,FGA,FG%,3PM,3PA,3P%,FTM,FTA,FT%,OREB,DREB,REB,AST,STL,BLK,TOV,EFG%,TS%
Kareem Abdul-Jabbar,"1,560",57446,38387,15837,28307,55.9,1,18,5.6,6712,9304,72.1,2975,9394,17440,5660,1160,3189,2527,55.9,59.2
Karl Malone,"1,476",54852,36928,13528,26210,51.6,85,310,27.4,9787,13188,74.2,3562,11406,14968,5248,2085,1145,4524,51.8,57.7
Dirk Nowitzki,"1,522",51367,31560,11169,23734,47.1,1982,5210,38,7240,8239,87.9,1468,10021,11489,3651,1210,1281,2494,51.2,57.7
Kevin Garnett,"1,462",50412,26071,10505,21142,49.7,174,632,27.5,4887,6190,78.9,3209,11453,14662,5445,1859,2037,3179,50.1,54.6
Jason Kidd,"1,391",50116,17529,6219,15557,40,1988,5701,34.9,3103,3954,78.5,1768,6957,8725,12091,2684,450,4003,46.4,50.7
LeBron James,"1,310",50054,35367,12903,25604,50.4,1979,5738,34.5,7582,10337,73.3,1538,8213,9751,9696,2063,982,4592,54.3,58.6
Elvin Hayes,"1,303",50000,27313,10976,24272,45.2,5,34,14.7,5356,7999,67,2778,6973,16279,2398,864,1771,1358,45.2,49.1
Kobe Bryant,"1,346",48643,33643,11719,26200,44.7,1827,5546,32.9,8378,10011,83.7,1499,5548,7047,6306,1944,640,4010,48.2,55
Wilt Chamberlain,"1,045",47859,31419,12681,23497,54,-,-,-,6057,11862,51.1,-,-,23924,4643,-,-,-,54,54.7
John Stockton,"1,504",47766,19711,7039,13658,51.5,845,2202,38.4,4788,5796,82.6,966,3085,4051,15806,3265,315,4244,54.6,60.8
Reggie Miller,"1,389",47620,25279,8241,17499,47.1,2560,6486,39.5,6237,7026,88.8,883,3299,4182,4141,1505,299,2409,54.4,61.4
Tim Duncan,"1,392",47367,26496,10285,20334,50.6,30,168,17.9,5896,8468,69.6,3859,11232,15091,4225,1025,3020,3381,50.7,55.1
Gary Payton,"1,335",47117,21813,8708,18698,46.6,1132,3570,31.7,3265,4480,72.9,1392,3877,5269,8966,2445,285,3030,49.6,52.8
John Havlicek,"1,270",46471,26395,10513,23930,43.9,-,-,-,5369,6589,81.5,610,1389,8007,6114,476,117,204,43.9,49.2
Vince Carter,"1,541",46370,25728,9293,21339,43.5,2290,6168,37.1,4852,6082,79.8,1658,4948,6606,4714,1530,888,2590,48.9,53.6
Ray Allen,"1,300",46350,24505,8567,18955,45.2,2973,7429,40,4398,4920,89.4,1230,4042,5272,4361,1451,244,2709,53,58
Paul Pierce,"1,343",45879,26397,8668,19465,44.5,2143,5816,36.8,6918,8578,80.6,1092,6435,7527,4708,1752,745,3532,50,56.8
Robert Parish,"1,611",45704,23334,9614,17914,53.7,0,6,0,4106,5694,72.1,4598,10117,14715,2180,1219,2361,3183,53.7,57.1
Moses Malone,"1,329",45071,27409,9435,19225,49.1,8,80,10,8531,11090,76.9,6731,9481,16212,1796,1089,1733,3804,49.1,56.9
Joe Johnson,"1,276",44233,20405,7822,17719,44.1,1978,5331,37.1,2783,3468,80.2,1067,3992,5059,5001,1071,260,2451,49.7,53
Hakeem Olajuwon,"1,238",44218,26946,10749,20991,51.2,25,124,20.2,5423,7621,71.2,4034,9714,13748,3058,2162,3830,3667,51.3,55.3
Oscar Robertson,"1,040",43886,26710,9508,19620,48.5,-,-,-,7694,9185,83.8,71,208,7804,9887,77,4,-,48.5,56.4
Clifford Robinson,"1,380",42560,19591,7389,16875,43.8,1253,3515,35.6,3560,5165,68.9,1852,4454,6306,3094,1402,1390,2502,47.5,51.2
Buck Williams,"1,307",42470,16784,6404,11661,54.9,5,30,16.7,3971,5979,66.4,4526,8491,13017,1646,1080,1100,2784,54.9,58.7
Jason Terry,"1,410",42034,18881,6914,15585,44.4,2282,6010,38,2771,3278,84.5,502,2772,3274,5415,1603,275,2415,51.7,55.4
Shaquille O'Neal,"1,207",41917,28596,11330,19457,58.2,1,22,4.5,5935,11252,52.7,4209,8890,13099,3026,739,2732,3310,58.2,58.6
Carmelo Anthony,"1,191",41720,27370,9800,21920,44.7,1582,4476,35.3,6188,7605,81.4,1921,5599,7520,3354,1176,592,2993,48.3,54.2
Scottie Pippen,"1,178",41068,18940,7420,15700,47.3,978,3002,32.6,3122,4437,70.4,2068,5426,7494,6135,2307,947,3257,50.4,53.6
Michael Jordan,"1,072",41010,32292,12192,24537,49.7,581,1778,32.7,7327,8772,83.5,1668,5004,6672,5633,2514,893,2924,50.9,56.9
Pau Gasol,"1,226",41001,20894,7980,15729,50.7,179,486,36.8,4755,6311,75.3,3085,8220,11305,3925,606,1941,2638,51.3,56.5
Bill Russell,963,40726,14522,5687,12930,44,-,-,-,3148,5614,56.1,-,-,21620,4100,-,-,-,44,47.1
Patrick Ewing,"1,183",40594,24815,9702,19241,50.4,19,125,15.2,5392,7289,74,2752,8855,11607,2215,1136,2894,3537,50.5,55.3
Charles Oakley,"1,282",40278,12417,4835,10263,47.1,68,269,25.3,2679,3522,76.1,3924,8281,12205,3217,1351,384,2785,47.4,52.6
Andre Miller,"1,304",40268,16278,6035,13104,46.1,193,888,21.7,4015,4975,80.7,1373,3422,4795,8524,1546,227,3121,46.8,53.2
Shawn Marion,"1,163",40097,17700,7289,15056,48.4,791,2390,33.1,2331,2877,81,2732,7369,10101,2198,1759,1233,1750,51,54.2
Otis Thorpe,"1,257",39824,17599,6872,12593,54.6,3,64,4.7,3852,5610,68.7,3446,6924,10370,2730,840,501,2774,54.6,58.4
Hal Greer,"1,122",39788,21586,8504,18811,45.2,-,-,-,4578,5717,80.1,-,-,5665,4540,-,-,-,45.2,50.6
Charles Barkley,"1,073",39331,23757,8435,15605,54.1,538,2020,26.6,6349,8643,73.5,4260,8286,12546,4215,1648,888,3376,55.8,61.2
Mark Jackson,"1,296",39117,12489,4793,10731,44.7,734,2213,33.2,2169,2818,77,1281,3682,4963,10334,1608,117,3155,48.1,52.2
Jamal Crawford,"1,327",38994,19419,6752,16467,41,2221,6379,34.8,3694,4286,86.2,466,2482,2948,4541,1179,271,2476,47.7,52.9
Walt Bellamy,"1,043",38940,20941,7914,15340,51.6,-,-,-,5113,8088,63.2,264,481,14241,2544,52,48,-,51.6,55.4
Andre Iguodala,"1,192",38793,13827,4975,10734,46.3,1063,3195,33.3,2814,3971,70.9,1094,4836,5930,5014,1734,608,2203,51.3,55.4
Horace Grant,"1,165",38625,12996,5439,10695,50.9,4,63,6.3,2114,3053,69.2,3467,5976,9443,2575,1143,1136,1303,50.9,54
Dwight Howard,"1,182",38487,19113,6917,11797,58.6,14,88,15.9,5265,9309,56.6,4033,10238,14271,1641,1047,2192,3255,58.7,60.1
Kevin Willis,"1,424",38360,17253,7095,14572,48.7,40,190,21.1,3023,4238,71.3,4132,7769,11901,1328,958,751,2520,48.8,52.5
Tony Parker,"1,254",38279,19473,7777,15830,49.1,519,1603,32.4,3400,4525,75.1,441,2955,3396,7036,1053,98,2865,50.8,54.6
Dominique Wilkins,"1,074",38115,26668,9963,21589,46.1,711,2231,31.9,6031,7438,81.1,2950,4219,7169,2677,1378,642,2669,47.8,53.6
Steve Nash,"1,217",38073,17387,6321,12892,49,1685,3939,42.8,3060,3384,90.4,643,2999,3642,10335,899,102,3478,55.6,60.5
Lenny Wilkens,"1,077",38064,17772,6189,14327,43.2,-,-,-,5394,6973,77.4,118,279,5030,7211,174,26,-,43.2,51.1
Alex English,"1,193",38063,25613,10659,21036,50.7,18,83,21.7,4277,5141,83.2,2778,3760,6538,4351,1067,833,2821,50.7,55
Michael Finley,"1,103",37995,17306,6696,15095,44.4,1454,3880,37.5,2460,3032,81.1,1121,3683,4804,3245,996,323,1629,49.2,52.7
Derek Harper,"1,199",37776,16006,6191,13384,46.3,1070,3026,35.4,2554,3426,74.5,696,2188,2884,6577,1957,304,2334,50.3,53.7
Chris Paul,"1,090",37758,19978,7035,14898,47.2,1481,3988,37.1,4427,5073,87.3,692,4231,4923,10275,2332,152,2621,52.2,58.3
Antawn Jamison,"1,083",37638,20042,7679,17024,45.1,1163,3365,34.6,3521,4860,72.4,2557,5600,8157,1761,1048,421,1714,48.5,52.3
Allen Iverson,914,37582,24368,8467,19906,42.5,1059,3383,31.3,6375,8168,78,745,2649,3394,5624,1983,164,3262,45.2,51.8
Clyde Drexler,"1,086",37538,22195,8335,17673,47.2,827,2603,31.8,4698,5962,78.8,2615,4062,6677,6125,2207,719,2977,49.5,54.7
Jack Sikma,"1,107",36943,17287,6396,13792,46.4,203,618,32.8,4292,5053,84.9,2542,8274,10816,3488,1162,1048,2586,47.1,54
Dikembe Mutombo,"1,196",36795,11729,4169,8045,51.8,0,2,0,3391,4960,68.4,3808,8551,12359,1240,494,3289,2173,51.8,57.3
Juwan Howard,"1,208",36648,16159,6543,13950,46.9,6,50,12,3067,4014,76.4,2348,5080,7428,2663,818,312,2469,46.9,51.4
Sam Perkins,"1,286",36598,15324,5498,11984,45.9,849,2348,36.2,3479,4292,81.1,2324,5342,7666,1975,1105,933,1586,49.4,55.2
Jerry West,932,36571,25192,9016,19032,47.4,-,-,-,7160,8801,81.4,30,86,5376,6238,81,23,-,47.4,55
A.C. Green,"1,278",36554,12331,4544,9202,49.4,124,489,25.4,3119,4250,73.4,3354,6119,9473,1400,1033,546,1434,50.1,55.7
Rasheed Wallace,"1,109",36249,16006,6320,13529,46.7,1086,3228,33.6,2280,3162,72.1,1578,5826,7404,1994,1090,1460,1693,50.7,53.6
Dennis Johnson,"1,100",35954,15535,5832,13100,44.5,80,464,17.2,3791,4754,79.7,1459,2790,4249,5499,1477,675,2448,44.8,51.1
Nate Thurmond,964,35881,14437,5521,13105,42.1,-,-,-,3395,5089,66.7,744,1827,14464,2575,125,553,-,42.1,47
Wes Unseld,984,35832,10624,4369,8586,50.9,3,6,50,1883,2976,63.3,2085,4974,13769,3822,628,367,579,50.9,53.7
Dwyane Wade,"1,054",35777,23165,8454,17617,48,549,1874,29.3,5708,7463,76.5,1258,3675,4933,5701,1620,885,3326,49.5,55.4
Isiah Thomas,979,35516,18822,7194,15904,45.2,398,1373,29,4036,5316,75.9,951,2527,3478,9061,1861,249,3682,46.5,51.6
Terry Porter,"1,274",35355,15586,5428,11734,46.3,1297,3360,38.6,3433,4107,83.6,715,3157,3872,7160,1583,181,2666,51.8,57.6
Latrell Sprewell,913,35268,16712,6076,14294,42.5,1104,3272,33.7,3456,4298,80.4,770,2954,3724,3664,1294,399,2450,46.4,51.6
LaMarcus Aldridge,"1,029",35193,19951,8059,16414,49.1,213,664,32.1,3620,4461,81.1,2703,5775,8478,2034,744,1140,1599,49.7,54.3
Joe Dumars,"1,018",35141,16402,5994,13026,46,990,2592,38.2,3424,4061,84.3,671,1532,2203,4612,902,83,2084,49.8,55.4
Paul Silas,"1,254",34989,11782,4293,9949,43.2,0,0,0,3196,4748,67.3,2035,3213,12357,2572,358,138,333,43.2,48.9
Glen Rice,"1,000",34982,18336,6776,14867,45.6,1559,3896,40,3225,3813,84.6,946,3441,4387,2097,958,265,1733,50.8,55.4
Elton Brand,"1,058",34906,16827,6599,13185,50,2,21,9.5,3627,4929,73.6,3304,5736,9040,2184,940,1828,2060,50.1,54.8
Maurice Cheeks,"1,101",34845,12195,4906,9374,52.3,52,204,25.5,2331,2938,79.3,713,2375,3088,7392,2310,294,2268,52.6,57.2
Dale Ellis,"1,209",34780,19004,7323,15275,47.9,1719,4266,40.3,2639,3365,78.4,1533,2668,4201,1746,974,183,1771,53.6,56.7
Grant Hill,"1,026",34778,17137,6345,13126,48.3,219,697,31.4,4228,5498,76.9,1176,4993,6169,4252,1248,576,2459,49.2,55.1
Zach Randolph,"1,116",34620,18578,7436,15774,47.1,199,729,27.3,3507,4592,76.4,3279,6929,10208,2049,834,301,2290,47.8,52.2
Reggie Theus,"1,026",34603,19015,7057,14973,47.1,238,945,25.2,4663,5644,82.6,1182,2167,3349,6453,1206,236,3493,47.9,54.5
Larry Bird,897,34443,21791,8591,17334,49.6,649,1727,37.6,3960,4471,88.6,1757,7217,8974,5695,1556,755,2816,51.4,56.4
Mitch Richmond,976,34301,20497,7305,16038,45.5,1326,3417,38.8,4561,5365,85,881,2920,3801,3398,1211,254,2579,49.7,55.7
Richard Jefferson,"1,181",34299,14904,5150,11102,46.4,1042,2769,37.6,3562,4639,76.8,917,3803,4720,2412,787,347,1768,51.1,56.7
David Robinson,987,34273,20790,7365,14221,51.8,25,100,25,6035,8201,73.6,3083,7414,10497,2441,1388,2954,2417,51.9,58.3
Adrian Dantley,955,34151,23177,8169,15121,54,7,41,17.1,6832,8351,81.8,2207,3248,5455,2830,944,150,2503,54,61.7
Jeff Hornacek,"1,077",33961,15659,5929,11957,49.6,828,2055,40.3,2973,3390,87.7,919,2727,3646,5281,1536,226,1971,53,58.2
Mike Bibby,"1,001",33959,14698,5410,12412,43.6,1517,3999,37.9,2361,2943,80.2,529,2574,3103,5517,1172,149,2134,49.7,53.6
Bill Laimbeer,"1,068",33956,13790,5574,11198,49.8,202,619,32.6,2440,2916,83.7,2819,7581,10400,2184,710,965,1594,50.7,55.2
Tom Chambers,"1,107",33921,20049,7378,15749,46.8,227,740,30.7,5066,6274,80.7,1942,4761,6703,2283,885,627,2549,47.6,54.2
Terry Cummings,"1,183",33895,19460,8045,16628,48.4,44,149,29.5,3326,4711,70.6,3183,5447,8630,2190,1255,650,2200,48.5,52
Elgin Baylor,846,33863,23149,8693,20171,43.1,-,-,-,5763,7391,78,-,-,11463,3650,-,-,-,43.1,49.4
Vlade Divac,"1,134",33838,13398,5205,10510,49.5,100,426,23.5,2888,4176,69.2,2881,6445,9326,3541,1288,1631,2470,50,54.3
P.J. Brown,"1,089",33826,9870,3852,8365,46,8,59,13.6,2158,2718,79.4,3002,5407,8409,1661,912,1116,1342,46.1,51.6
Rod Strickland,"1,094",33635,14463,5418,11928,45.4,195,691,28.2,3432,4759,72.1,1172,2912,4084,7987,1616,215,2862,46.2,51.6
Detlef Schrempf,"1,136",33609,15761,5400,10995,49.1,475,1236,38.4,4486,5585,80.3,1871,5152,7023,3833,856,312,2268,51.3,58.6
Rashard Lewis,"1,049",33543,15579,5644,12479,45.2,1787,4625,38.6,2504,3111,80.5,1418,4015,5433,1765,1115,541,1577,52.4,56.3
Gail Goodrich,"1,031",33527,19181,7431,16300,45.6,-,-,-,4319,5354,80.7,453,651,3279,4805,545,72,390,45.6,51.4
Chet Walker,"1,032",33433,18831,6876,14628,47,-,-,-,5079,6384,79.6,245,593,7314,2126,117,10,-,47,54
Magic Johnson,906,33245,17707,6211,11951,52,325,1074,30.3,4960,5850,84.8,1601,4958,6559,10141,1724,374,3506,53.3,61
Chauncey Billups,"1,043",33008,15802,4738,11413,41.5,1830,4725,38.7,4496,5029,89.4,480,2512,2992,5636,1051,168,2138,49.5,58
Eddie Jones,954,32782,14155,4932,11286,43.7,1546,4147,37.3,2745,3394,80.9,761,3096,3857,2812,1620,580,1507,50.5,55.4
Dave Bing,901,32769,18327,6962,15769,44.1,-,-,-,4403,5683,77.5,418,741,3420,5397,483,89,216,44.1,50.2
Russell Westbrook,943,32747,21857,7774,17772,43.7,1063,3481,30.5,5246,6639,79,1580,5381,6961,8061,1624,293,3893,46.7,52.8
Derek Fisher,"1,287",32713,10713,3720,9329,39.9,1248,3341,37.4,2025,2479,81.7,414,2244,2658,3804,1352,98,1473,46.6,51.4
Rudy Gay,"1,009",32707,16903,6404,14105,45.4,1083,3096,35,3012,3770,79.9,1359,4519,5878,2167,1187,761,2161,49.2,53.6
Eddie Johnson,"1,199",32603,19202,7727,16361,47.2,562,1679,33.5,3186,3792,84,1786,3046,4832,2550,739,180,2076,48.9,53.3
Trevor Ariza,"1,094",32494,11497,4102,9705,42.3,1585,4505,35.2,1708,2332,73.2,1071,4203,5274,2352,1615,349,1462,50.4,53.6
Kevin Durant,884,32462,23883,8138,16462,49.4,1655,4311,38.4,5952,6744,88.3,630,5609,6239,3681,973,986,2773,54.5,61.5
Chris Mullin,986,32172,17911,6740,13243,50.9,815,2120,38.4,3616,4178,86.5,1026,3008,4034,3450,1530,549,2315,54,59.4
Jerry Lucas,829,32131,14053,5709,11441,49.9,-,-,-,2635,3365,78.3,62,312,12942,2730,28,24,-,49.9,54.4
Lamar Odom,961,32131,12781,4811,10393,46.3,664,2126,31.2,2495,3599,69.3,1821,6238,8059,3554,848,892,2253,49.5,53.4
Bob Lanier,959,32103,19248,7761,15092,51.4,2,13,15.4,3724,4858,76.7,1843,4853,9698,3007,777,1100,1112,51.4,55.9
Rolando Blackman,980,32087,17623,6887,13969,49.3,229,667,34.3,3620,4309,84,1047,2231,3278,2981,715,274,1829,50.1,55.5
Ben Wallace,"1,088",32084,6254,2569,5421,47.4,7,51,13.7,1109,2679,41.4,3444,7038,10482,1437,1369,2137,1061,47.5,47.4
Hersey Hawkins,983,32037,14470,4889,10612,46.1,1226,3108,39.4,3466,3985,87,825,2729,3554,2860,1622,302,1828,51.8,58.5
Chris Bosh,893,31936,17189,6209,12581,49.4,305,910,33.5,4466,5591,79.9,1927,5665,7592,1795,730,932,1807,50.6,57.1
Stephon Marbury,846,31890,16297,5769,13324,43.3,991,3048,32.5,3768,4804,78.4,579,1937,2516,6471,1022,121,2547,47,52.8
Sam Lacey,"1,002",31873,10303,4276,9693,44.1,3,16,18.8,1748,2369,73.8,1647,5226,9687,3754,999,1160,978,44.1,48
Dick Van Arsdale,921,31771,15079,5413,11661,46.4,-,-,-,4253,5385,79,188,476,3807,3060,264,44,-,46.4,53.7
Tyson Chandler,"1,160",31622,9509,3558,5964,59.7,0,11,0,2393,3714,64.4,3529,6938,10467,967,630,1335,1656,59.7,62.6
Tayshaun Prince,"1,017",31576,11272,4583,10082,45.5,569,1550,36.7,1537,2033,75.6,1125,3207,4332,2407,571,500,1064,48.3,51.3
Antoine Walker,893,31533,15647,6085,14710,41.4,1386,4264,32.5,2091,3303,63.3,1894,4997,6891,3170,1085,469,2504,46.1,48.4
Randy Smith,976,31444,16262,6676,14218,47,17,110,15.5,2893,3705,78.1,861,1977,3597,4487,1403,57,1158,47,51.3
Metta World Peace,991,31439,13058,4666,11266,41.4,1154,3402,33.9,2572,3596,71.5,1159,3289,4448,2631,1721,522,1791,46.5,50.8
Dave DeBusschere,875,31202,14053,5722,13249,43.2,-,-,-,2609,3730,69.9,134,623,9618,2497,67,39,-,43.2,47.2
Ron Harper,"1,009",31196,13910,5326,11946,44.6,523,1811,28.9,2735,3799,72,1322,2987,4309,3916,1716,729,2251,46.8,51.1
Kyle Korver,"1,232",31183,11953,4103,9278,44.2,2450,5715,42.9,1297,1479,87.7,345,3298,3643,2114,804,403,1290,57.4,60.2
Nate Archibald,876,31159,16481,5899,12628,46.7,19,85,22.4,4664,5760,81,344,1015,2046,6476,719,81,1123,46.8,54.3
Mookie Blaylock,889,31027,11962,4705,11499,40.9,1283,3816,33.6,1269,1724,73.6,1017,2642,3659,5972,2075,300,2067,46.5,48.8
Walt Frazier,825,30965,15581,6130,12516,49,0,1,0,3321,4226,78.6,403,1523,4830,5040,681,63,139,49,54.2
Luol Deng,902,30942,13361,5130,11257,45.6,658,1982,33.2,2443,3175,76.9,1462,4006,5468,2042,880,444,1459,48.5,52.8
Thaddeus Young,"1,033",30933,13526,5829,11624,50.1,498,1504,33.1,1370,2053,66.7,2099,4038,6137,1899,1481,430,1532,52.3,54
Bill Bridges,926,30878,11012,4181,9463,44.2,-,-,-,2650,3824,69.3,257,376,11054,2553,69,36,-,44.2,49.4
Chris Webber,831,30852,17182,7192,15024,47.9,264,883,29.9,2534,3906,64.9,2271,5853,8124,3526,1197,1200,2313,48.7,51.3
Larry Nance,920,30697,15687,6370,11664,54.6,8,55,14.5,2939,3892,75.5,2299,5053,7352,2393,872,2027,1711,54.6,58.6
Bob Pettit,792,30690,20880,7349,16872,43.6,-,-,-,6182,8119,76.1,-,-,12849,2369,-,-,-,43.6,51.1
Tracy McGrady,938,30658,18381,6709,15413,43.5,1081,3198,33.8,3882,5202,74.6,1300,3976,5276,4161,1136,807,2029,47,51.9
Tim Hardaway,867,30628,15373,5640,13076,43.1,1542,4345,35.5,2551,3263,78.2,544,2311,2855,7095,1428,129,2481,49,53
Bailey Howell,950,30627,17770,6515,13585,48,-,-,-,4740,6224,76.2,-,-,9383,1853,-,-,-,48,54.4
Calvin Murphy,"1,002",30607,17949,7247,15030,48.2,10,72,13.9,3445,3864,89.2,499,952,2103,4402,1165,51,822,48.3,53.6
Anthony Mason,882,30601,9656,3583,7033,50.9,2,12,16.7,2488,3511,70.9,1912,5367,7279,2963,648,244,1549,51,56.3
Kyle Lowry,960,30481,14272,4574,10794,42.4,1827,4967,36.8,3297,4061,81.2,771,3422,4193,5995,1283,281,2251,50.8,56.7
David Wesley,949,30273,11842,4248,10023,42.4,1123,3051,36.8,2223,2827,78.6,526,1879,2405,4159,1280,161,1808,48,52.6
Jerry Stackhouse,970,30226,16409,5386,13182,40.9,988,3202,30.9,4649,5659,82.2,926,2141,3067,3240,869,437,2641,44.6,52.4
Dan Majerle,955,30207,10925,3950,9171,43.1,1360,3798,35.8,1665,2246,74.1,1125,3140,4265,2755,1194,360,1116,50.5,53.8
James Harden,877,30198,22045,6513,14659,44.4,2445,6728,36.3,6574,7659,85.8,687,4107,4794,5730,1367,476,3255,52.8,61.1
Bob Cousy,924,30165,16960,6168,16468,37.5,-,-,-,4624,5756,80.3,-,-,4786,6955,-,-,-,37.5,44.6
Marvin Williams,"1,072",30159,10965,3928,8872,44.3,1046,2894,36.1,2063,2554,80.8,1276,4270,5546,1373,824,577,1021,50.2,54.8
Byron Scott,"1,073",30152,15097,5918,12268,48.2,775,2093,37,2486,2985,83.3,677,2310,2987,2729,1224,276,1597,51.4,55.6
Paul Millsap,"1,052",30123,14421,5410,11043,49,533,1553,34.3,3068,4166,73.6,2302,5257,7559,2349,1317,1032,1810,51.4,56
Kevin McHale,971,30118,17335,6830,12334,55.4,41,157,26.1,3634,4554,79.8,2358,4764,7122,1670,344,1690,1893,55.5,60.5
DeMar DeRozan,881,30047,17751,6359,13814,46,360,1282,28.1,4673,5609,83.3,652,3183,3835,3355,867,256,1805,47.3,54.5
Shane Battier,977,30004,8408,2982,6819,43.7,1250,3254,38.4,1194,1606,74.3,1273,2809,4082,1717,988,906,878,52.9,55.9
James Worthy,926,30001,16320,6878,13204,52.1,117,486,24.1,2447,3184,76.9,1561,3147,4708,2791,1041,624,1859,52.5,55.9
Jojo White,837,29941,14399,6169,13884,44.4,1,6,16.7,2060,2471,83.4,472,1468,3345,4095,686,112,504,44.4,48.1
Sam Cassell,993,29813,15635,5698,12558,45.4,672,2029,33.1,3567,4144,86.1,618,2603,3221,5939,1058,163,2418,48,54.4
Dolph Schayes,996,29800,18438,5863,15427,38,-,-,-,6712,7904,84.9,-,-,11256,3072,-,-,-,38,48.8
Lou Hudson,890,29794,17940,7392,15129,48.9,-,-,-,3156,3960,79.7,436,718,3926,2432,516,98,249,48.9,53.2
Michael Cage,"1,140",29710,8278,3317,6445,51.5,0,25,0,1644,2476,66.4,3227,5419,8646,1057,1050,725,1161,51.5,54.9
Artis Gilmore,909,29685,15579,5732,9570,59.9,1,13,7.7,4114,5768,71.3,2639,6522,9161,1777,470,1747,2347,59.9,64.3
Jeff Malone,905,29660,17231,7099,14674,48.4,86,321,26.8,2947,3383,87.1,572,1792,2364,2154,577,100,1538,48.7,53.3
Earl Monroe,926,29636,17454,6906,14898,46.4,0,0,0,3642,4513,80.7,260,976,2796,3594,473,121,305,46.4,51.7
Dale Davis,"1,094",29606,8706,3592,6779,53,0,8,0,1522,2708,56.2,3303,5302,8605,978,691,1270,1090,53,54.6
Dave Cowens,766,29565,13516,5744,12499,46,1,14,7.1,2027,2590,78.3,1574,5122,10444,2910,599,488,543,46,49.6
Richard Hamilton,921,29562,15708,5969,13288,44.9,530,1530,34.6,3240,3805,85.2,794,2058,2852,3125,714,131,1977,46.9,52.5
Bob Dandridge,839,29502,15530,6445,13317,48.4,2,12,16.7,2638,3382,78,908,2337,5715,2846,661,303,630,48.4,52.4
Kendall Gill,966,29487,12914,5068,11672,43.4,315,1051,30,2463,3267,75.4,1274,2728,4002,2945,1519,432,1734,44.8,49.3
Bernard King,874,29417,19655,7830,15109,51.8,23,134,17.2,3972,5444,73,1704,3356,5060,2863,866,230,2791,51.9,56.1
Shawn Kemp,"1,051",29299,15347,5505,11278,48.8,33,119,27.7,4304,5805,74.1,3026,5808,8834,1704,1185,1279,2766,49,55.5
Jason Richardson,857,29243,14644,5558,12681,43.8,1608,4344,37,1920,2714,70.7,1033,3212,4245,2284,995,367,1503,50.2,52.8
David West,"1,034",29141,14034,5703,11519,49.5,57,215,26.5,2571,3148,81.7,1784,4806,6590,2273,764,850,1660,49.8,54.4
Damon Stoudamire,878,29107,11763,4329,10662,40.6,1236,3464,35.7,1869,2244,83.3,703,2336,3039,5371,953,81,2039,46.4,50.5
Jim Jackson,885,29067,12690,4811,11247,42.8,881,2413,36.5,2187,2651,82.5,1190,2962,4152,2851,726,188,2179,46.7,51.1
Monta Ellis,833,29011,14858,5723,12688,45.1,737,2349,31.4,2675,3463,77.2,520,2354,2874,3856,1409,281,2246,48,52.3
Josh Smith,894,28999,12996,5089,11247,45.2,450,1578,28.5,2368,3748,63.2,1717,4936,6653,2789,1083,1713,2197,47.2,50.4
Nick Van Exel,880,28980,12658,4636,11458,40.5,1528,4278,35.7,1858,2341,79.4,375,2170,2545,5777,726,92,1850,47.1,50.7
Chuck Person,943,28941,13858,5576,12176,45.8,1220,3370,36.2,1486,2056,72.3,1162,3601,4763,2645,683,197,1952,50.8,53
Dick Barnett,971,28937,15358,6034,13227,45.6,-,-,-,3290,4324,76.1,1,3,2812,2729,1,0,-,45.6,50.8
Shareef Abdur-Rahim,830,28883,15028,5434,11515,47.2,154,519,29.7,4006,4943,81,1869,4370,6239,2109,820,638,2136,47.9,54.9
Deron Williams,845,28865,13804,4874,10964,44.5,1178,3296,35.7,2878,3502,82.2,353,2266,2619,6819,867,206,2402,49.8,55.2
Walter Davis,"1,033",28859,19521,8118,15871,51.1,157,577,27.2,3128,3676,85.1,889,2164,3053,3878,1280,133,2541,51.6,55.8
Steven Smith,942,28857,13430,4609,10485,44,1148,3208,35.8,3064,3625,84.5,1112,1948,3060,2922,726,275,1714,49.4,55.6
Dennis Rodman,911,28842,6683,2766,5310,52.1,82,355,23.1,1069,1832,58.4,4329,7625,11954,1600,611,531,1484,52.9,54.6
Raymond Felton,971,28829,10853,4105,9959,41.2,925,2813,32.9,1718,2175,79,552,2315,2867,5096,1144,207,2008,45.9,49.7
Rick Barry,794,28825,18395,7252,16163,44.9,73,221,33,3818,4243,90,510,2366,5168,4017,1104,269,574,45.1,51
Boris Diaw,"1,064",28769,9139,3805,7711,49.3,475,1413,33.6,1054,1470,71.7,1258,3376,4634,3684,648,510,1897,52.4,54.7
Marc Gasol,891,28719,12514,4635,9638,48.1,431,1197,36,2813,3625,77.6,1411,5193,6604,2996,792,1254,1755,50.3,55.7
Tom Van Arsdale,929,28682,14232,5505,12763,43.1,-,-,-,3222,4226,76.2,247,794,3942,2085,230,16,-,43.1,48.7
Marcus Camby,973,28680,9262,3767,8077,46.6,18,88,20.5,1710,2551,67,2611,6902,9513,1837,967,2331,1362,46.8,50.3
Julius Erving,836,28677,18364,7237,14276,50.7,46,176,26.1,3844,4950,77.7,2067,3534,5601,3224,1508,1293,2323,50.9,55.8
Guy Rodgers,892,28663,10415,4125,10908,37.8,-,-,-,2165,3003,72.1,-,-,3791,6917,-,-,-,37.8,42.6
Jeff Green,976,28614,12523,4538,10212,44.4,1036,3045,34,2411,3000,80.4,867,3404,4271,1529,691,512,1410,49.5,54.3
Baron Davis,835,28593,13447,4888,11951,40.9,1332,4159,32,2339,3292,71.1,762,2421,3183,6025,1530,360,2308,46.5,50.2
Al Horford,881,28593,12288,5159,9972,51.7,520,1427,36.4,1450,1920,75.5,1827,5415,7242,2912,713,1034,1373,54.3,56.8
Mike Conley,886,28561,13235,4698,10691,43.9,1320,3485,37.9,2519,3069,82.1,409,2246,2655,5022,1267,176,1777,50.1,55
Grant Long,"1,003",28518,9518,3472,7440,46.7,83,293,28.3,2491,3272,76.1,2168,3986,6154,1716,1199,366,1628,47.2,53.6
Herb Williams,"1,102",28484,11944,5037,10781,46.7,8,84,9.5,1862,2675,69.6,1624,4885,6509,1856,605,1605,1929,46.8,49.9
Johnny Newman,"1,159",28438,12740,4456,9671,46.1,600,1786,33.6,3228,3984,81,950,1586,2536,1688,1064,246,1656,49.2,55.8
James Edwards,"1,168",28356,14862,5802,11724,49.5,1,21,4.8,3257,4666,69.8,1804,4200,6004,1499,420,867,1931,49.5,53.9
Caron Butler,881,28332,12430,4596,10592,43.4,746,2144,34.8,2492,2942,84.7,1103,3284,4387,2007,1163,216,1594,46.9,52.3
Bob McAdoo,852,28327,18787,7420,14751,50.3,3,37,8.1,3944,5229,75.4,1818,5502,8048,1951,751,1147,1223,50.3,55.1
Allan Houston,839,28310,14551,5337,12017,44.4,1305,3247,40.2,2572,2979,86.3,353,2081,2434,1990,566,139,1760,49.8,54.6
Jerome Kersey,"1,153",28114,11825,4723,10166,46.5,58,288,20.1,2321,3364,69,2330,4009,6339,2134,1439,799,1583,46.7,50.8
Antonio McDyess,"1,015",28053,12227,5046,10161,49.7,7,60,11.7,2128,3178,67,2478,5160,7638,1300,782,1102,1623,49.7,52.9
Al Harrington,981,28003,13237,5028,11318,44.4,977,2778,35.2,2204,3030,72.7,1495,3987,5482,1649,858,246,1838,48.7,52.3
Jalen Rose,923,27925,13220,4852,10945,44.3,746,2102,35.5,2770,3457,80.1,491,2702,3193,3527,729,315,2102,47.7,53
Rajon Rondo,918,27873,9151,3818,8340,45.8,418,1296,32.3,1097,1800,60.9,895,3346,4241,7414,1488,119,2518,48.3,50.1
Mike Miller,"1,032",27817,10973,4016,8747,45.9,1590,3910,40.7,1351,1757,76.9,632,3744,4376,2666,573,229,1561,55,57.6
Johnny Kerr,905,27784,12480,4909,11751,41.8,-,-,-,2662,3682,72.3,-,-,10092,2004,-,-,-,41.8,46.7
Mychal Thompson,935,27764,12810,5191,10306,50.4,1,12,8.3,2427,3707,65.5,2229,4722,6951,2141,701,1073,2104,50.4,53.7
Danny Ainge,"1,042",27755,11964,4643,9905,46.9,1002,2651,37.8,1676,1980,84.6,695,2073,2768,4199,1133,132,1566,51.9,55.5
Clar. Weatherspoon,915,27737,10483,4025,8537,47.1,10,51,19.6,2423,3261,74.3,2126,4720,6846,1346,880,794,1430,47.2,52.6
Mark Aguirre,923,27730,18458,7201,14865,48.4,392,1258,31.2,3664,4944,74.1,1704,2874,4578,2871,687,296,2306,49.8,54.2
Tyrone Corbin,"1,065",27659,9766,3918,8584,45.6,198,663,29.9,1732,2191,79.1,1726,3320,5046,1894,1228,270,1310,46.8,51.1
Cuttino Mobley,747,27619,11964,4319,9979,43.3,1085,2867,37.8,2241,2684,83.5,543,2359,2902,2015,878,313,1520,48.7,53.6
Leroy Ellis,"1,048",27520,10176,4143,9378,44.2,-,-,-,1890,2595,72.8,534,1060,8709,1405,146,151,-,44.2,48.4
Bill Cartwright,963,27491,12713,4656,8868,52.5,0,2,0,3401,4412,77.1,1812,4294,6106,1390,460,668,1892,52.5,58.8
Richie Guerin,848,27449,14676,5174,12451,41.6,-,-,-,4328,5549,78,-,-,4278,4211,-,-,-,41.6,49.3
Stephen Jackson,858,27397,12976,4604,11112,41.4,1252,3763,33.3,2516,3154,79.8,674,2654,3328,2634,1109,317,2141,47.1,51.9
Jermaine O'Neal,"1,011",27368,13309,5144,11025,46.7,14,95,14.7,3007,4208,71.5,1991,5270,7261,1369,470,1820,1872,46.7,51.7
Mike Dunleavy,986,27339,11048,3935,8926,44.1,1304,3460,37.7,1874,2333,80.3,698,3513,4211,2185,719,324,1369,51.4,55.5
Jamaal Wilkes,828,27275,14644,6226,12471,49.9,7,52,13.5,2185,2878,75.9,1627,3490,5117,2050,1049,262,1211,50,53.3
Norm Nixon,768,27250,12065,5219,10805,48.3,100,340,29.4,1527,1978,77.2,473,1518,1991,6386,1187,71,2368,48.8,51.7
Derrick McKey,937,27226,10266,3908,8048,48.6,203,642,31.6,2247,2885,77.9,1515,2872,4387,2254,1072,611,1713,49.8,55.1
Alvan Adams,988,27203,13910,5709,11464,49.8,2,15,13.3,2490,3160,78.8,2015,4922,6937,4012,1289,808,2194,49.8,54.1
Kurt Thomas,"1,110",27160,8973,3836,7894,48.6,9,32,28.1,1292,1701,76,1922,5406,7328,1204,724,841,1241,48.7,51.9
Robert Horry,"1,107",27069,7715,2820,6643,42.5,795,2329,34.1,1280,1762,72.6,1644,3625,5269,2343,1158,1035,1378,48.4,52
Joe Smith,"1,030",27022,11208,4325,9512,45.5,30,126,23.8,2528,3200,79,2456,4119,6575,1010,606,868,1290,45.6,51.3
Kirk Hinrich,879,27019,9594,3503,8522,41.1,1172,3122,37.5,1416,1770,80,310,2266,2576,4245,972,243,1617,48,51.6
Peja Stojakovic,804,26966,13647,4825,10719,45,1760,4392,40.1,2237,2500,89.5,747,3035,3782,1408,747,106,1090,53.2,57.7
Carlos Boozer,861,26906,13976,5847,11221,52.1,1,14,7.1,2281,3158,72.2,2037,6155,8192,1928,765,346,1824,52.1,55.4
World Free,886,26893,17955,6512,14294,45.6,213,632,33.7,4718,6264,75.3,1008,1422,2430,3319,910,223,1869,46.3,52.7
Manu Ginobili,"1,057",26857,14043,4584,10262,44.7,1495,4055,36.9,3380,4089,82.7,685,3012,3697,4001,1392,319,2116,52,58.2
Hedo Turkoglu,997,26700,11022,3851,9034,42.6,1246,3246,38.4,2074,2645,78.4,647,3324,3971,2832,750,299,1578,49.5,54
Avery Johnson,"1,054",26618,8817,3622,7564,47.9,27,186,14.5,1546,2190,70.6,379,1372,1751,5846,1007,154,1748,48.1,51.7
Nicolas Batum,856,26568,9658,3436,7882,43.6,1357,3768,36,1429,1700,84.1,885,3568,4453,3115,816,537,1502,52.2,56
George Gervin,791,26536,20708,8045,15747,51.1,77,259,29.7,4541,5383,84.4,1186,2421,3607,2214,941,670,2137,51.3,57.2
Caldwell Jones,"1,068",26474,6589,2554,5395,47.3,2,31,6.5,1479,1965,75.3,2042,5621,7663,1347,480,1517,1596,47.4,52.6
Armen Gilliam,929,26427,12700,4838,9895,48.9,0,17,0,3024,3896,77.6,2117,4284,6401,1088,676,607,1722,48.9,54.7
Sleepy Floyd,957,26383,12260,4448,10015,44.4,518,1599,32.4,2846,3493,81.5,626,1868,2494,5175,1120,215,2251,47,53.1
Wesley Matthews,849,26344,10672,3643,8646,42.1,1729,4564,37.9,1657,2010,82.4,425,2074,2499,1750,866,172,1027,52.1,56
Hot Rod Williams,887,26328,9784,3688,7681,48,2,19,10.5,2406,3315,72.6,2070,3928,5998,1592,746,1456,1208,48,53.5
Lou Williams,"1,067",26305,15239,4922,11725,42,1420,4044,35.1,3975,4725,84.1,415,1982,2397,3684,924,189,1853,48,55.2
Al Jefferson,915,26298,14343,6161,12344,49.9,8,66,12.1,2013,2833,71.1,2054,5636,7690,1347,628,1093,1211,49.9,52.8
JR Smith,977,26274,12148,4380,10465,41.9,1930,5178,37.3,1458,1990,73.3,494,2579,3073,2077,974,204,1315,51.1,53.6
Amar'e Stoudemire,846,26253,15994,5911,11009,53.7,30,127,23.6,4142,5444,76.1,2029,4603,6632,1050,636,1054,1953,53.8,59.7
James Donaldson,957,26222,8203,3105,5442,57.1,0,0,0,1993,2722,73.2,2060,5432,7492,765,336,1267,1454,57.1,61.8
Norm Van Lier,746,26171,8770,3313,8003,41.4,-,-,-,2144,2749,78,540,1269,3596,5217,767,71,249,41.4,47.6
Stephen Curry,762,26151,18434,6340,13296,47.7,2832,6540,43.3,2922,3222,90.7,519,2984,3503,4984,1282,164,2392,58.3,62.6
Jack Twyman,823,26147,15840,6237,13873,45,-,-,-,3366,4325,77.8,-,-,5424,1861,-,-,-,45,50.2
Gerald Wilkins,900,26092,11736,4754,10564,45,418,1322,31.6,1810,2429,74.5,975,1671,2646,2697,907,208,1687,47,50.4
Antonio Davis,903,26082,9041,3187,7120,44.8,2,23,8.7,2665,3668,72.7,2323,4432,6755,1017,430,889,1346,44.8,51.8
Doug Christie,827,26074,9301,3238,7604,42.6,805,2272,35.4,2020,2460,82.1,797,2585,3382,2992,1555,392,1721,47.9,53.5
Alonzo Mourning,838,25977,14311,5116,9701,52.7,22,89,24.7,4057,5862,69.2,2184,4953,7137,946,414,2356,2209,52.9,58.3
Scott Wedman,906,25927,11916,5153,10713,48.1,84,251,33.5,1526,1923,79.4,1502,2853,4355,1771,846,301,883,48.5,51.5
Derrick Coleman,781,25902,12884,4616,10335,44.7,326,1105,29.5,3326,4326,76.9,2079,5153,7232,1985,606,1051,2036,46.2,52.6
Brook Lopez,855,25894,14086,5382,10888,49.4,633,1861,34,2689,3380,79.6,1755,3599,5354,1239,495,1515,1469,52.3,56.9
Kenny Anderson,858,25869,10789,4002,9512,42.1,547,1580,34.6,2238,2833,79,670,1971,2641,5196,1258,111,1769,44.9,50.1
Rick Mahorn,"1,117",25778,7763,3098,6286,49.3,5,38,13.2,1562,2218,70.4,1814,5143,6957,1082,633,1007,1456,49.3,53.5
Elden Campbell,"1,045",25776,10805,4062,8835,46,2,37,5.4,2679,3832,69.9,1880,4236,6116,1199,702,1602,1367,46,51.3
Sidney Wicks,760,25762,12803,5046,11002,45.9,0,2,0,2711,3955,68.5,1539,3268,6620,2437,592,432,667,45.9,50.2
Christian Laettner,868,25754,11121,4036,8405,48,92,353,26.1,2957,3604,82,1621,4185,5806,2224,917,675,1932,48.6,55.7
Jerry Sloan,755,25750,10571,4116,9646,42.7,-,-,-,2339,3239,72.2,367,843,5615,1925,381,32,-,42.7,47.7
Vin Baker,791,25734,11839,4692,9675,48.5,39,181,21.5,2416,3787,63.8,2263,3604,5867,1509,582,798,1756,48.7,52.2
Rudy Tomjanovich,768,25714,13383,5630,11240,50.1,34,130,26.2,2089,2666,78.4,1173,2783,6198,1573,374,175,332,50.2,53.9
Larry Johnson,707,25685,11450,4401,9086,48.4,367,1104,33.2,2281,2978,76.6,1794,3506,5300,2298,515,258,1435,50.5,55.1
John Johnson,869,25681,11200,4575,10254,44.6,0,1,0,2050,2633,77.9,1021,2121,4778,3285,487,235,917,44.6,49.1
Dick Snyder,964,25676,11755,4890,10019,48.8,-,-,-,1975,2398,82.4,248,740,2732,2767,300,157,84,48.8,53.1
Gus Williams,825,25645,14093,5793,12570,46.1,108,454,23.8,2399,3173,75.6,818,1404,2222,4597,1638,291,1646,46.5,50.5
Jrue Holiday,772,25610,12361,4881,10689,45.7,1038,2899,35.8,1561,2007,77.8,690,2370,3060,4916,1159,401,2092,50.5,53.4
Spencer Haywood,760,25600,14592,5790,12447,46.5,1,8,12.5,3011,3766,80,1493,3228,7038,1351,355,629,716,46.5,51.7
DeAndre Jordan,932,25571,8727,3527,5234,67.4,1,12,8.3,1672,3523,47.5,2918,6960,9878,911,525,1466,1294,67.4,64.3
John Lucas,928,25556,9951,3905,8696,44.9,244,806,30.3,1897,2446,77.6,490,1661,2151,6454,1273,73,1803,46.3,50.9
Bob Boozer,874,25549,12964,4961,10738,46.2,-,-,-,3042,3998,76.1,-,-,7119,1237,-,-,-,46.2,51.9
Muggsy Bogues,889,25426,6858,2845,6210,45.8,106,381,27.8,1062,1284,82.7,534,1784,2318,6726,1369,39,1433,46.7,50.6
Glenn Robinson,688,25342,14234,5571,12129,45.9,620,1823,34,2472,3016,82,1027,3162,4189,1879,826,389,2147,48.5,52.9
Nene,965,25237,10909,4175,7621,54.8,7,53,13.2,2552,3864,66,1688,4140,5828,1719,1041,721,1688,54.8,58.5
Xavier McDaniel,870,25204,13606,5673,11685,48.5,74,283,26.1,2186,3046,71.8,2082,3231,5313,1775,791,416,1887,48.9,52.2
Mark Eaton,875,25169,5216,2072,4526,45.8,0,2,0,1072,1653,64.9,1857,5082,6939,840,368,3064,1293,45.8,49.6
Truck Robinson,772,25141,11988,4816,9971,48.3,1,1,100,2355,3556,66.2,1985,5282,7267,1348,533,510,1592,48.3,52
Bob Love,789,25120,13895,5447,12688,42.9,-,-,-,3001,3728,80.5,552,1033,4653,1123,232,56,-,42.9,48.5
Robert Reid,919,25109,10448,4443,9706,45.8,103,354,29.1,1459,1992,73.2,1167,3001,4168,2500,973,403,1319,46.3,49.4
Kevin Johnson,735,25059,13127,4512,9160,49.3,160,524,30.5,3943,4691,84.1,487,1917,2404,6711,1082,176,2258,50.1,58.5
Donyell Marshall,957,25030,10716,4096,9410,43.5,902,2578,35,1622,2219,73.1,1898,4478,6376,1305,790,848,1292,48.3,51.6
Mickey Johnson,904,25005,12748,4733,10544,44.9,29,176,16.5,3253,4066,80,2201,4264,6465,2677,1025,632,2050,45,51.7
Nick Anderson,800,24924,11529,4416,9891,44.6,1055,2964,35.6,1642,2461,66.7,1011,3053,4064,2087,1114,364,1358,50,52.5
Paul Arizin,713,24897,16266,5628,13354,42.1,-,-,-,5010,6189,81,-,-,6129,1665,-,-,-,42.1,50.6
Olden Polynice,"1,058",24880,8265,3557,7037,50.5,5,26,19.2,1146,2141,53.5,2730,4380,7110,744,516,651,1170,50.6,51.8
Rodney McCray,768,24876,9014,3516,6997,50.3,57,219,26,1925,2529,76.1,1645,3442,5087,2750,585,493,1419,50.7,55.6
Thurl Bailey,928,24873,11834,4753,10056,47.3,4,35,11.4,2324,2863,81.2,1304,3414,4718,1298,435,1086,1444,47.3,52.3
Maurice Lucas,855,24787,12339,4870,10297,47.3,4,36,11.1,2595,3399,76.3,2119,5401,7520,1987,639,538,1810,47.3,52.3
Damian Lillard,682,24778,16815,5503,12545,43.9,2051,5468,37.5,3758,4207,89.3,412,2444,2856,4514,665,210,1912,52,58.4
Gerald Wallace,832,24732,9933,3516,7492,46.9,407,1303,31.2,2494,3517,70.9,1145,3693,4838,1725,1200,681,1486,49.6,54.9
Vern Fleming,893,24721,10125,3964,7954,49.8,38,210,18.1,2159,2826,76.4,979,2033,3012,4293,926,105,1795,50.1,55
Alvin Robertson,779,24669,10882,4412,9245,47.7,236,800,29.5,1822,2451,74.3,1621,2445,4066,3929,2112,323,2116,49,52.7
Johnny Green,"1,057",24624,12281,4973,10091,49.3,-,-,-,2335,4226,55.3,-,-,9083,1449,-,-,-,49.3,51.4
Jack Marin,849,24590,12541,5068,10890,46.5,-,-,-,2405,2852,84.3,259,675,4405,1813,155,59,-,46.5,51.6
Jeff Mullins,802,24574,13017,5383,11631,46.3,-,-,-,2251,2764,81.4,144,287,3427,3023,140,37,-,46.3,50.7
Mike Newlin,837,24574,12507,4720,10133,46.6,62,205,30.2,3005,3456,87,559,1367,2494,3364,702,58,878,46.9,53.7
Purvis Short,842,24549,14607,5934,12507,47.4,125,443,28.2,2614,3174,82.4,1424,2201,3625,2123,878,178,1720,47.9,52.5
Jameer Nelson,878,24542,9940,3790,8692,43.6,1153,3134,36.8,1207,1491,81,426,2169,2595,4508,772,68,1831,50.2,53.2
Brad Miller,868,24537,9724,3446,7174,48,201,610,33,2631,3273,80.4,1708,4491,6199,2470,639,592,1367,49.4,56.4
Mike Mitchell,759,24537,15016,6371,12912,49.3,19,88,21.6,2255,2894,77.9,1539,2707,4246,1010,530,400,1300,49.4,52.9
Kiki Vandeweghe,810,24521,15980,6139,11699,52.5,218,592,36.8,3484,3997,87.2,893,1892,2785,1668,468,243,1310,53.4,59.4
Sean Elliott,742,24502,10544,3852,8290,46.5,589,1572,37.5,2251,2816,79.9,819,2385,3204,1897,576,284,1328,50,55.3
Rudy LaRusso,736,24487,11507,4102,9521,43.1,-,-,-,3303,4308,76.7,-,-,6936,1556,-,-,-,43.1,50.4
Fred Brown,963,24422,14018,6006,12568,47.8,110,295,37.3,1896,2211,85.8,681,1601,2637,3160,1149,166,840,48.2,51.8
Happy Hairston,776,24330,11505,4240,8872,47.8,-,-,-,3025,4080,74.1,639,1347,8019,1268,116,28,-,47.8,53.9
Vernon Maxwell,855,24318,10912,3932,9878,39.8,1256,3931,32,1792,2446,73.3,378,1822,2200,2912,975,152,1663,46.2,49.8
Pete Maravich,658,24316,15948,6187,14025,44.1,10,15,66.7,3564,4344,82,426,1421,2747,3563,587,108,530,44.1,50
Vinnie Johnson,984,24308,11825,4882,10515,46.4,83,327,25.4,1978,2673,74,1451,1658,3109,3212,852,253,1569,46.8,50.6
David Lee,829,24293,11232,4587,8566,53.5,1,29,3.4,2057,2666,77.2,2150,5170,7320,1825,625,329,1454,53.6,57.7
Sam Jones,871,24285,15411,6271,13745,45.6,-,-,-,2869,3572,80.3,-,-,4305,2209,-,-,-,45.6,50.3
Goran Dragic,867,24236,12046,4407,9543,46.2,1082,2973,36.4,2150,2805,76.6,614,2056,2670,4168,844,159,1967,51.8,55.9
Danny Manning,883,24207,12367,5026,9835,51.1,41,199,20.6,2274,3120,72.9,1523,3092,4615,2063,1000,752,1853,51.3,55.2
Jarrett Jack,867,24140,9349,3374,7673,44,620,1809,34.3,1981,2316,85.5,277,2210,2487,3952,683,107,1723,48,53.8
Serge Ibaka,849,24064,10597,4401,8566,51.4,571,1592,35.9,1224,1612,75.9,1817,4402,6219,696,360,1719,1133,54.7,57.1
Mike Gminski,938,24058,10953,4208,9047,46.5,6,49,12.2,2531,3002,84.3,2082,4398,6480,1203,507,989,1368,46.5,52.8
Bruce Bowen,873,24053,5290,1945,4761,40.9,818,2082,39.3,582,1013,57.5,469,1959,2428,1089,712,336,646,49.4,50.8
Orlando Woolridge,851,24041,13623,5150,10037,51.3,8,88,9.1,3315,4501,73.7,1361,2335,3696,1609,553,569,1747,51.4,56.7
Tree Rollins,"1,156",24028,6249,2592,4963,52.2,0,7,0,1065,1522,70,2148,4602,6750,660,512,2542,1057,52.2,55.5
Erick Dampier,987,23999,7309,2784,5595,49.8,2,16,12.5,1739,2779,62.6,2723,4282,7005,817,330,1398,1435,49.8,53.6
JJ Redick,940,23965,12028,4009,8976,44.7,1950,4704,41.5,2060,2310,89.2,172,1731,1903,1862,420,88,1040,55.5,60.2
Devin Harris,985,23961,10597,3486,8072,43.2,832,2558,32.5,2793,3507,79.6,290,1861,2151,3869,998,194,1682,48.3,55.1
Andrei Kirilenko,797,23918,9431,3146,6637,47.4,367,1185,31,2772,3675,75.4,1400,2952,4352,2169,1097,1461,1518,50.2,57.1
Wayman Tisdale,840,23869,12878,5338,10575,50.5,0,21,0,2202,2897,76,1617,3500,5117,1077,464,500,1407,50.5,54.3
Mo Williams,818,23869,10759,4051,9326,43.4,1094,2891,37.8,1563,1795,87.1,407,1857,2264,3990,721,121,1849,49.3,53.2
Lafayette Lever,752,23814,10433,4244,9504,44.7,162,523,31,1783,2312,77.1,1442,3081,4523,4696,1666,209,1471,45.5,49.6
Cedric Maxwell,835,23769,10465,3433,6293,54.6,1,19,5.3,3598,4592,78.4,2108,3153,5261,1862,671,433,1841,54.6,62.9
Rick Fox,930,23720,8966,3382,7519,45,771,2208,34.9,1431,1858,77,996,2521,3517,2649,967,355,1611,50.1,53.8
Kemba Walker,704,23718,13983,4826,11527,41.9,1590,4415,36,2741,3262,84,401,2303,2704,3788,895,273,1522,48.8,53.9
Anfernee Hardaway,704,23713,10684,3995,8731,45.8,503,1591,31.6,2191,2831,77.4,975,2171,3146,3525,1125,312,1786,48.6,53.5
Marques Johnson,691,23694,13892,5733,11065,51.8,14,92,15.2,2412,3265,73.9,1825,2992,4817,2502,888,525,1627,51.9,55.6
John Salmons,895,23672,8292,3007,6979,43.1,726,1986,36.6,1552,1942,79.9,435,2168,2603,2183,756,239,1185,48.3,52.9
Ricky Pierce,969,23669,14467,5391,10925,49.3,296,920,32.2,3389,3871,87.5,864,1432,2296,1826,768,147,1453,50.7,57.3
Paul George,706,23664,14275,4846,11107,43.6,1761,4588,38.4,2822,3330,84.7,632,3890,4522,2465,1201,311,1862,51.6,56.8
Jose Calderon,895,23643,7921,3038,6440,47.2,920,2260,40.7,925,1060,87.3,303,1845,2148,5148,716,71,1339,54.3,57.3
Brent Barry,912,23640,8488,2896,6301,46,1395,3442,40.5,1301,1581,82.3,450,2330,2780,2892,955,253,1289,57,60.7
Michael Cooper,873,23635,7729,3014,6429,46.9,428,1260,34,1273,1529,83.3,741,2028,2769,3666,1033,523,1429,50.2,54.4
Jimmy Walker,698,23590,11655,4624,10039,46.1,-,-,-,2407,2903,82.9,139,481,1860,2429,253,36,-,46.1,51.5
Archie Clark,725,23581,11819,4693,9784,48,-,-,-,2433,3163,76.9,130,383,2427,3498,231,15,-,48,52.9
Doc Rivers,864,23568,9377,3295,7416,44.4,361,1101,32.8,2426,3093,78.4,634,1991,2625,4889,1563,351,1651,46.9,53.4
Tom Gugliotta,763,23559,9895,3871,8584,45.1,208,732,28.4,1945,2570,75.7,1595,3994,5589,2140,1079,492,1735,46.3,50.9
Dell Curry,"1,083",23551,12670,5090,11146,45.7,1245,3098,40.2,1245,1476,84.3,599,2018,2617,1909,985,238,1299,51.3,53.7
John Starks,866,23519,10829,3953,9590,41.2,1222,3591,34,1701,2211,76.9,417,1712,2129,3085,951,106,1533,47.6,51.3
Tom Meschery,778,23459,9904,3877,8793,44.1,-,-,-,2150,2885,74.5,-,-,6698,1331,-,-,-,44.1,49.2
Dan Roundfield,746,23443,11318,4289,8852,48.5,7,61,11.5,2733,3702,73.8,2445,4798,7243,1620,664,1117,1806,48.5,54
Kevin Love,738,23425,13298,4383,9925,44.2,1280,3458,37,3252,3926,82.8,1989,6141,8130,1759,502,324,1449,50.6,57.1
David Greenwood,823,23370,8428,3251,6812,47.7,4,29,13.8,1922,2514,76.5,1921,4616,6537,1614,583,739,1474,47.8,53.2
Corey Maggette,827,23361,13198,4065,8969,45.3,463,1431,32.4,4605,5599,82.2,915,3107,4022,1696,590,139,1874,47.9,57.7
Gene Shue,699,23338,10068,3715,9378,39.6,-,-,-,2638,3273,80.6,-,-,2855,2608,-,-,-,39.6,46.5
Rickey Green,946,23271,8870,3594,7669,46.9,39,188,20.7,1643,2035,80.7,474,1345,1819,5221,1348,51,1583,47.1,51.8
James Posey,864,23263,7419,2495,6091,41,1035,2967,34.9,1394,1701,82,755,3306,4061,1413,917,298,981,49.5,54.2
Lindsey Hunter,937,23249,7956,2970,7663,38.8,1075,2984,36,941,1261,74.6,438,1583,2021,2506,1120,165,1159,45.8,48.4
Jason Williams,788,23193,8266,3065,7699,39.8,1238,3784,32.7,898,1104,81.3,192,1618,1810,4611,933,60,1643,47.9,50.5
Sidney Moncrief,767,23150,11931,4117,8198,50.2,110,387,28.4,3587,4319,83.1,1424,2151,3575,2793,924,226,1551,50.9,59.1
Kenyon Martin,757,23138,9325,3875,8031,48.3,66,282,23.4,1509,2398,62.9,1312,3847,5159,1439,893,864,1318,48.7,51.3
Eric Snow,846,23123,5791,2144,5054,42.4,55,265,20.8,1448,1897,76.3,419,1722,2141,4245,975,105,1391,43,49.2
Rik Smits,867,23102,12871,5301,10461,50.7,3,26,11.5,2266,2932,77.3,1531,3746,5277,1215,372,1111,1579,50.7,54.8
T.R. Dunn,993,23080,5033,2030,4443,45.7,1,20,5,972,1341,72.5,1729,2642,4371,1631,1316,252,815,45.7,50
Willis Reed,650,23073,12183,4859,10202,47.6,-,-,-,2465,3298,74.7,47,94,8414,1186,12,21,-,47.6,52.3
Jay Humphries,788,23062,8772,3502,7362,47.6,219,738,29.7,1549,1981,78.2,529,1474,2003,4339,1153,89,1533,49.1,53.3
Ricky Sobers,821,22992,10902,4250,9262,45.9,130,447,29.1,2272,2695,84.3,672,1460,2132,3525,1085,161,1973,46.6,52.2
Zydrunas Ilgauskas,843,22965,10976,4207,8842,47.6,31,100,31,2531,3243,78,2444,3747,6191,955,421,1327,1509,47.8,53.4
Larry Smith,883,22879,5904,2519,4743,53.1,0,7,0,866,1630,53.1,3401,4724,8125,941,699,457,1280,53.1,54.1
Blake Griffin,668,22857,13984,5223,10545,49.5,477,1428,33.4,3061,4400,69.6,1380,4346,5726,2889,585,336,1679,51.8,56
Joe Barry Carroll,705,22838,12455,5021,10583,47.4,0,13,0,2413,3232,74.7,1690,3714,5404,1264,687,1122,1964,47.4,51.9
Bill Bradley,742,22799,9217,3927,8763,44.8,-,-,-,1363,1623,84,198,643,2354,2533,209,65,-,44.8,48.6
Jamal Mashburn,611,22766,11644,4277,10222,41.8,767,2226,34.5,2323,3032,76.6,697,2574,3271,2414,632,109,1585,45.6,50.4
John Long,893,22680,12131,5108,10929,46.7,101,314,32.2,1814,2104,86.2,998,1494,2492,1738,912,180,1555,47.2,51.2
Jim Washington,774,22668,8168,3253,7238,44.9,-,-,-,1662,2358,70.5,318,808,6637,1105,83,100,-,44.9,49.4
Joe Graboski,845,22665,9280,3433,9763,35.2,-,-,-,2414,3447,70,-,-,5999,1502,-,-,-,35.2,41.1
Eric Gordon,692,22588,11498,3901,9175,42.5,1622,4411,36.8,2074,2554,81.2,283,1415,1698,1967,613,240,1364,51.4,55.8
Rory Sparrow,836,22550,7557,3264,7008,46.6,101,389,26,928,1164,79.7,441,1314,1755,4192,828,103,1534,47.3,50.2
Tom Gola,698,22529,7871,2964,6883,43.1,-,-,-,1943,2556,76,-,-,5617,2962,-,-,-,43.1,49.1
Sedale Threatt,951,22437,9327,3914,8075,48.5,188,642,29.3,1311,1608,81.5,371,1338,1709,3613,1138,136,1296,49.6,53.1
George Hill,815,22414,8979,3181,6952,45.8,991,2579,38.4,1626,2024,80.3,480,2011,2491,2577,738,221,1016,52.9,57.2
Don Ohl,727,22413,11549,4685,10806,43.4,-,-,-,2179,2975,73.2,-,-,2163,2243,-,-,-,43.4,47.7
Bingo Smith,865,22407,10882,4776,10642,44.9,23,81,28.4,1307,1637,79.8,653,1519,3630,1734,431,167,237,45,47.9
Billy Cunningham,654,22406,13626,5116,11467,44.6,-,-,-,3394,4717,72,159,714,6638,2625,115,45,-,44.6,50.3
Tyrone Hill,801,22386,7532,2834,5643,50.2,0,13,0,1864,2901,64.3,2396,4458,6854,647,614,379,1244,50.2,54.4
Larry Hughes,727,22370,10242,3738,9200,40.6,524,1696,30.9,2242,2963,75.7,738,2301,3039,2290,1092,255,1554,43.5,48.8
Dan Issel,718,22342,14659,5424,10711,50.6,19,75,25.3,3792,4756,79.7,1686,4021,5707,1804,698,396,1281,50.7,57.2
Brad Davis,961,22302,7866,2970,5820,51,270,841,32.1,1656,2001,82.8,301,1437,1738,4709,756,146,1377,53.4,58.7
Sam Mitchell,994,22261,8636,3220,7206,44.7,65,292,22.3,2131,2719,78.4,1251,2460,3711,1089,548,301,838,45.1,51.4
Zaza Pachulia,"1,098",22235,7414,2608,5559,46.9,0,31,0,2198,2927,75.1,2362,3953,6315,1433,768,378,1444,46.9,54.1
Toni Kukoc,846,22215,9810,3633,8127,44.7,731,2184,33.5,1813,2487,72.9,1016,2539,3555,3119,817,290,1544,49.2,53.2
Cazzie Russell,817,22213,12377,5172,11154,46.4,-,-,-,2033,2459,82.7,343,685,3068,1838,239,33,35,46.4,50.6
Kenny Smith,737,22210,9397,3527,7352,48,664,1665,39.9,1679,2026,82.9,281,1173,1454,4073,759,65,1649,52.5,57
Kevin Loughery,755,22208,11575,4477,10829,41.3,-,-,-,2621,3262,80.3,-,-,2254,2803,-,-,-,41.3,47.2
Thomas Sanders,916,22164,8766,3416,7988,42.8,-,-,-,1934,2520,76.7,-,-,5798,1026,-,-,-,42.8,48.2
Jeff Teague,826,22164,10061,3548,7984,44.4,708,1967,36,2257,2673,84.4,274,1715,1989,4585,936,277,1803,48.9,54.9
Greg Ballard,802,22073,9953,4220,8942,47.2,93,275,33.8,1420,1805,78.7,1434,3424,4858,1733,877,256,1059,47.7,51.1
Chris Ford,794,22043,7314,3160,6874,46,126,336,37.5,868,1188,73.1,820,1308,2394,2719,1152,192,726,46.9,49.4
Calbert Cheaney,825,22012,7826,3366,7227,46.6,204,684,29.8,890,1288,69.1,732,1878,2610,1398,659,198,994,48,50.2
Dan Schayes,"1,138",21976,8780,2994,6228,48.1,4,30,13.3,2788,3461,80.6,1819,3852,5671,1299,560,840,1572,48.1,56.6
D.J. Augustin,921,21968,8965,2900,7048,41.1,1194,3147,37.9,1971,2274,86.7,281,1456,1737,3654,550,31,1372,49.6,55.7
Matt Barnes,929,21965,7589,2788,6388,43.6,982,2931,33.5,1031,1384,74.5,1066,3215,4281,1691,714,444,1172,51.3,54.2
Courtney Lee,811,21939,7765,2961,6567,45.1,876,2259,38.8,967,1134,85.3,364,1763,2127,1353,809,213,762,51.8,54.9
Ricky Davis,736,21927,9912,3747,8410,44.6,583,1614,36.1,1835,2349,78.1,566,1984,2550,2426,732,187,1606,48,52.5
Benoit Benjamin,807,21910,9223,3588,7224,49.7,1,21,4.8,2046,2837,72.1,1459,4604,6063,1070,522,1581,1847,49.7,54.4
Larry Foust,817,21890,11198,3814,9414,40.5,-,-,-,3570,4816,74.1,-,-,8041,1368,-,-,-,40.5,48.5
Slater Martin,745,21889,7337,2632,7224,36.4,-,-,-,2073,2720,76.2,-,-,2302,3160,-,-,-,36.4,43.6
Rodney Rogers,866,21866,9468,3608,7994,45.1,690,1986,34.7,1562,2264,69,1275,2606,3881,1722,868,451,1631,49.4,52.7
John Wall,613,21833,11702,4235,9833,43.1,618,1912,32.3,2614,3355,77.9,347,2265,2612,5557,1018,427,2332,46.2,51.7
John Drew,739,21828,15291,5481,11658,47,10,57,17.5,4319,5774,74.8,2158,2930,5088,1224,1004,193,1402,47.1,53.8
Bill Sharman,711,21793,12665,4761,11168,42.6,-,-,-,3143,3559,88.3,-,-,2779,2101,-,-,-,42.6,49.7
Wayne Embry,831,21763,10380,3993,9067,44,-,-,-,2394,3741,64,-,-,7544,1194,-,-,-,44,48.4
Terry Tyler,871,21742,8868,3831,7915,48.4,10,82,12.2,1196,1702,70.3,1609,3066,4675,1039,801,1342,1140,48.5,51.2
Cliff Hagan,745,21731,13447,5239,11630,45,-,-,-,2969,3722,79.8,-,-,5116,2242,-,-,-,45,50.7
Don Nelson,"1,053",21685,10898,4017,8373,48,-,-,-,2864,3744,76.5,273,723,5192,1526,65,35,-,48,54.4
Brian Shaw,943,21668,6547,2589,6419,40.3,431,1416,30.4,938,1199,78.2,773,2410,3183,3918,747,252,1664,43.7,47.1
Stacey Augmon,"1,001",21659,7990,3037,6480,46.9,12,79,15.2,1904,2616,72.8,1304,1912,3216,1561,974,317,1248,47,52.4
Samuel Dalembert,886,21646,6814,2810,5393,52.1,1,12,8.3,1193,1689,70.6,2289,4653,6942,465,437,1546,1271,52.1,55.5
Mark Olberding,865,21637,8145,2824,5750,49.1,5,41,12.2,2492,3074,81.1,1238,3265,4503,2190,573,235,1509,49.2,57.3
Steve Francis,576,21629,10446,3543,8267,42.9,575,1684,34.1,2785,3494,79.7,960,2255,3215,3473,846,223,2030,46.3,53.3
Otis Birdsong,696,21627,12544,5347,10562,50.6,49,179,27.4,1801,2748,65.5,920,1152,2072,2260,858,143,1491,50.9,53.3
Luke Ridnour,830,21624,7740,2933,6803,43.1,584,1674,34.9,1290,1496,86.2,363,1514,1877,3713,814,161,1349,47.4,51.9
Udonis Haslem,859,21569,6527,2645,5402,49,5,58,8.6,1232,1631,75.5,1607,4148,5755,729,422,249,804,49,53.3
Kevin Martin,714,21559,12396,3847,8797,43.7,1141,2969,38.4,3561,4091,87,401,1877,2278,1352,643,78,1200,50.2,58.5
Mark Price,722,21557,10989,3939,8345,47.2,976,2428,40.2,2135,2362,90.4,409,1439,1848,4863,860,76,1790,53,58.6
Terrell Brandon,724,21546,9994,3908,8720,44.8,394,1110,35.5,1784,2043,87.3,425,1749,2174,4407,1142,226,1419,47.1,51.9
Brian Grant,756,21420,7933,3103,6332,49,6,28,21.4,1721,2306,74.6,1834,3788,5622,923,455,561,1235,49.1,54
Darrell Griffith,765,21403,12391,5237,11305,46.3,530,1596,33.2,1387,1961,70.7,780,1739,2519,1627,931,242,1632,48.7,50.9
Rony Seikaly,678,21395,9991,3647,7540,48.4,6,32,18.8,2691,3961,67.9,2142,4282,6424,860,453,872,1913,48.4,53.8
Jim Paxson,784,21357,11199,4545,9134,49.8,98,435,22.5,2011,2493,80.7,519,1074,1593,2300,951,93,1144,50.3,54.7
Tim Thomas,824,21344,9454,3458,7922,43.7,962,2609,36.9,1576,2079,75.8,807,2572,3379,1272,609,300,1217,49.7,53.5
Ray Scott,684,21339,10184,3906,9641,40.5,-,-,-,2372,3293,72,-,-,7154,1618,-,-,-,40.5,45.9
Gordon Hayward,685,21268,10676,3679,8124,45.3,936,2532,37,2382,2889,82.5,520,2558,3078,2399,679,274,1351,51,56.8
Junior Bridgeman,849,21257,11517,4801,10099,47.5,40,164,24.4,1875,2216,84.6,910,2085,2995,2066,685,220,1169,47.7,52
LaSalle Thompson,985,21236,7806,3136,6376,49.2,4,26,15.4,1530,2075,73.7,2123,4566,6689,1139,741,972,1646,49.2,53.5
Johnny Davis,750,21200,9710,3699,8258,44.8,33,187,17.6,2279,2777,82.1,560,945,1505,3368,683,116,1398,45,51.2
Larry Costello,706,21198,8622,3095,7068,43.8,-,-,-,2432,2891,84.1,-,-,2705,3215,-,-,-,43.8,51.7
Harrison Barnes,670,21177,9301,3409,7546,45.2,860,2284,37.7,1623,2029,80,681,2704,3385,1190,469,128,812,50.9,55.1
Sherman Douglas,765,21146,8425,3335,6886,48.4,154,576,26.7,1601,2361,67.8,558,1114,1672,4536,785,76,1761,49.5,53.2
Tobias Harris,680,21075,11056,4213,8870,47.5,900,2452,36.7,1730,2092,82.7,681,3483,4164,1476,510,353,961,52.6,56.5
Craig Ehlo,873,21062,7492,2977,6579,45.3,621,1684,36.9,917,1330,68.9,996,2143,3139,2456,989,232,1225,50,52.3
Taj Gibson,844,21030,7859,3265,6305,51.8,29,133,21.8,1300,1831,71,1950,3298,5248,848,481,887,962,52,55.3
Bradley Beal,605,20979,13303,4832,10586,45.6,1371,3641,37.7,2268,2765,82,522,1930,2452,2436,691,236,1428,52.1,56.4
Kelly Tripucka,707,20959,12142,4434,9380,47.3,168,465,36.1,3106,3660,84.9,937,1766,2703,2090,678,137,1697,48.2,55.2
Paul Westphal,823,20947,12809,5079,10084,50.4,55,200,27.5,2596,3166,82,393,1120,1580,3591,1022,262,1117,50.6,55.8
Jimmy Butler,633,20933,11003,3573,7802,45.8,529,1616,32.7,3328,3972,83.8,968,2354,3322,2524,1033,296,1001,49.2,57.6
Jon McGlocklin,792,20930,9169,4001,8174,48.9,-,-,-,1167,1381,84.5,61,214,1928,2280,102,13,-,48.9,52.2
Arron Afflalo,762,20829,8198,2983,6633,45,852,2205,38.6,1380,1673,82.5,334,1842,2176,1386,341,141,852,51.4,55.6
Steve Blake,870,20821,5662,2061,5145,40.1,1037,2709,38.3,503,646,77.9,250,1566,1816,3446,587,63,1222,50.1,52.1
Darren Collison,708,20796,8857,3270,6937,47.1,635,1610,39.4,1682,1973,85.3,332,1553,1885,3543,820,106,1382,51.7,56.7
Quentin Richardson,783,20787,8032,2923,7360,39.7,1167,3288,35.5,1019,1420,71.8,933,2733,3666,1138,607,148,868,47.6,50.3
Dave Corzine,891,20772,7615,3097,6401,48.4,10,53,18.9,1411,1889,74.7,1747,3515,5262,1477,369,848,1340,48.5,52.6
Bo Outlaw,914,20742,4970,2005,3534,56.7,3,38,7.9,957,1837,52.1,1685,2752,4437,1441,855,1193,1056,56.8,57.2
Wesley Person,733,20737,8192,3128,6843,45.7,1150,2754,41.8,786,1010,77.8,423,1979,2402,1234,579,230,680,54.1,56.2
Marcin Gortat,806,20689,7951,3401,6168,55.1,3,20,15,1146,1686,68,1759,4648,6407,915,383,885,958,55.2,57.5
Derrick Rose,646,20681,11919,4662,10200,45.7,519,1670,31.1,2076,2505,82.9,517,1644,2161,3543,499,223,1654,48.3,52.7
Willie Naulls,716,20620,11305,4526,11145,40.6,-,-,-,2253,2774,81.2,-,-,6508,1114,-,-,-,40.6,45.7
P.J. Tucker,706,20548,4997,1807,4308,41.9,729,2030,35.9,654,874,74.8,1077,2926,4003,1000,829,225,697,50.4,53.2
Harvey Grant,783,20513,7781,3345,7138,46.9,65,243,26.7,1026,1448,70.9,1170,2266,3436,1219,599,428,714,47.3,50
Theo Ratliff,810,20500,5809,2207,4451,49.6,0,2,0,1395,1965,71,1543,3053,4596,465,393,1968,1001,49.6,54.6
Nate McMillan,796,20466,4733,1833,4136,44.3,298,870,34.3,769,1183,65,919,2303,3222,4893,1544,356,1486,47.9,50.8
Anthony Peeler,827,20463,8017,3101,7255,42.7,940,2445,38.4,875,1095,79.9,564,1572,2136,1956,775,138,1019,49.2,51.8
Nikola Vucevic,668,20451,11265,4851,9782,49.6,452,1265,35.7,1111,1469,75.6,1745,5182,6927,1801,580,604,1156,51.9,54
Michael Adams,653,20446,9621,3257,7849,41.5,949,2857,33.2,2158,2543,84.9,416,1484,1900,4209,1081,67,1402,47.5,53.6
Ben Gordon,744,20365,11084,3931,9092,43.2,1171,2921,40.1,2051,2394,85.7,333,1518,1851,1868,508,114,1551,49.7,54.6
Klay Thompson,615,20338,11995,4512,9822,45.9,1798,4290,41.9,1173,1384,84.8,273,1857,2130,1416,561,332,1053,55.1,57.5
Bimbo Coles,852,20317,6628,2549,5991,42.5,252,943,26.7,1278,1576,81.1,469,1351,1820,3313,735,134,1267,44.7,49.6
Spud Webb,814,20288,8072,2903,6421,45.2,320,1018,31.4,1946,2296,84.8,324,1418,1742,4342,922,110,1623,47.7,54.3
Wilson Chandler,676,20287,8463,3270,7382,44.3,874,2560,34.1,1049,1363,77,766,2808,3574,1205,470,414,931,50.2,53
Wayne Cooper,984,20274,7777,3242,7100,45.7,7,48,14.6,1286,1747,73.6,2149,3946,6095,852,295,1535,1181,45.7,49.4
Jim McMillian,631,20227,8736,3644,7557,48.2,-,-,-,1448,1741,83.2,639,1381,3319,1557,435,80,120,48.2,52.5
Mark West,"1,090",20215,6259,2528,4356,58,0,4,0,1203,2117,56.8,1785,3562,5347,428,326,1403,1208,58,59.2
Howard Komives,742,20213,7550,2972,7652,38.8,-,-,-,1606,1936,83,10,33,1804,2941,32,3,-,38.8,44.4
Bobby Jones,774,20177,8911,3412,6199,55,0,16,0,2087,2674,78,1288,2968,4256,1888,1050,982,1217,55,60.4
Lucius Allen,702,20159,9407,3884,8385,46.3,-,-,-,1639,2157,76,381,928,2205,3174,604,124,247,46.3,50.4
Gus Johnson,581,20140,9944,4126,9383,44,-,-,-,1692,2420,69.9,-,-,7379,1541,-,-,-,44,47.6
Drew Gooden,790,20127,8653,3432,7435,46.2,88,342,25.7,1701,2239,76,1878,3740,5618,896,544,474,1158,46.8,51.4
Jared Dudley,904,20118,6633,2408,5197,46.3,883,2247,39.3,934,1276,73.2,805,2044,2849,1395,710,167,763,54.8,57.6
Danilo Gallinari,662,20108,10556,3195,7479,42.7,1314,3438,38.2,2852,3257,87.6,466,2736,3202,1313,509,250,847,51.5,59.2
Michael Redd,629,20104,11972,4207,9405,44.7,1045,2751,38,2513,2998,83.8,622,1789,2411,1338,579,66,963,50.3,55.8
Wally Szczerbiak,651,20058,9195,3486,7193,48.5,590,1453,40.6,1633,1899,86,671,1931,2602,1532,388,160,970,52.6,57.3
Brad Daugherty,548,20029,10389,3823,7189,53.2,2,14,14.3,2741,3670,74.7,1207,4020,5227,2028,422,397,1511,53.2,59
Mike Woodson,786,20021,10981,4368,9364,46.6,120,443,27.1,2125,2615,81.3,655,1183,1838,1822,952,275,1331,47.3,52.2
Eddie Johnson,675,19975,10163,4015,8436,47.6,104,319,32.6,2029,2564,79.1,470,1052,1522,3436,761,89,1717,48.2,53.1
Robin Lopez,903,19962,7942,3319,6195,53.6,51,174,29.3,1253,1677,74.7,2053,2425,4478,742,214,1016,992,54,57.3
Clifford Ray,784,19940,5821,2333,4450,52.4,0,2,0,1155,1963,58.8,1657,3630,6953,1728,501,638,532,52.4,54.8
Brian Winters,650,19938,10537,4490,9457,47.5,114,314,36.3,1443,1713,84.2,470,1218,1688,2674,792,190,1014,48.1,51.6
Troy Murphy,729,19921,7860,2848,6400,44.5,613,1578,38.8,1551,1977,78.5,1373,4335,5708,1088,478,294,886,49.3,54.1
Darrell Armstrong,840,19917,7712,2663,6507,40.9,923,2763,33.4,1463,1679,87.1,654,1615,2269,3394,1133,98,1556,48,53.2
Clyde Lee,742,19885,5733,2256,5223,43.2,-,-,-,1221,1988,61.4,640,1168,7626,788,80,64,-,43.2,47
Andrew Bogut,706,19862,6808,2986,5585,53.5,3,25,12,833,1495,55.7,1754,4358,6112,1546,442,1091,1204,53.5,54.5
Andre Drummond,645,19832,9358,3943,7332,53.8,15,111,13.5,1457,3099,47,3024,5815,8839,872,898,987,1296,53.9,53.8
Raja Bell,706,19814,6998,2581,5949,43.4,956,2357,40.6,880,1101,79.9,408,1560,1968,1208,484,130,695,51.4,54.4
Bryon Russell,841,19806,6663,2274,5272,43.1,685,1856,36.9,1430,1906,75,752,2162,2914,1085,874,203,835,49.6,54.5
Antoine Carr,987,19783,9176,3663,7286,50.3,6,46,13,1844,2364,78,1151,2233,3384,1086,361,925,1187,50.3,55.1
Channing Frye,890,19772,7786,2931,6655,44,1049,2706,38.8,875,1064,82.2,767,3235,4002,864,457,540,787,51.9,54.7
Mike Bantom,706,19725,8568,3446,7362,46.8,3,15,20,1673,2418,69.2,1632,2885,4517,1623,630,478,946,46.8,50.8
Kyrie Irving,582,19713,13293,4895,10418,47,1271,3248,39.1,2232,2534,88.1,459,1753,2212,3337,775,224,1524,53.1,57.6
Antonio Daniels,872,19673,6623,2270,5109,44.4,359,1154,31.1,1724,2173,79.3,219,1394,1613,2934,564,85,928,47.9,54.6
Eric Bledsoe,702,19661,9814,3492,7701,45.3,803,2382,33.7,2027,2581,78.5,542,2213,2755,3320,959,325,1772,50.6,55.5
Austin Carr,682,19660,10473,4359,9714,44.9,2,13,15.4,1753,2181,80.4,711,760,1990,1878,433,66,470,44.9,49.1
Paul Pressey,724,19659,7664,2855,5890,48.5,79,356,22.2,1875,2503,74.9,901,1897,2798,3715,997,428,1700,49.1,54.8
Chris Kaman,735,19642,8208,3432,7023,48.9,1,24,4.2,1343,1808,74.3,1487,4095,5582,921,322,931,1544,48.9,52.5
Desmond Mason,643,19639,7767,2931,6535,44.9,66,254,26,1839,2485,74,804,2059,2863,1049,441,230,1032,45.4,50.9
Garfield Heard,787,19571,6828,2846,6877,41.4,0,9,0,1136,1736,65.4,1324,3329,5876,1220,784,780,349,41.4,44.7
Marco Belinelli,860,19547,8370,2949,6959,42.4,1216,3230,37.6,1256,1485,84.6,187,1582,1769,1429,488,65,850,51.1,55
Rex Chapman,666,19545,9731,3716,8638,43,805,2301,35,1494,1868,80,379,1266,1645,1798,592,129,1030,47.7,51.4
Shawn Bradley,832,19531,6752,2713,5935,45.7,4,39,10.3,1322,1847,71.6,1743,3525,5268,573,532,2119,1059,45.7,50
Earl Watson,878,19493,5593,2112,5139,41.1,502,1551,32.4,867,1233,70.3,462,1523,1985,3871,873,176,1548,46,49.2
Dana Barros,850,19479,8901,3281,7140,46,1090,2652,41.1,1249,1456,85.8,232,1377,1609,2837,740,46,1213,53.6,57.2
Anthony Davis,564,19401,13463,5005,9739,51.4,279,894,31.2,3174,3973,79.9,1412,4356,5768,1292,775,1323,1097,52.8,58.6
Pooh Richardson,639,19400,7083,3046,6867,44.4,358,1087,32.9,633,971,65.2,435,1372,1807,4180,817,111,1165,47,48.6
Rafer Alston,671,19389,6799,2450,6391,38.3,996,2815,35.4,903,1238,72.9,247,1644,1891,3202,813,105,1195,46.1,49
Danny Green,757,19389,6777,2398,5676,42.2,1458,3637,40.1,523,650,80.5,466,2188,2654,1206,786,594,770,55.1,56.8
Morris Peterson,711,19371,7628,2747,6567,41.8,1009,2702,37.3,1125,1456,77.3,569,1914,2483,1090,639,136,716,49.5,52.9
Gilbert Arenas,552,19350,11402,3722,8850,42.1,1079,3077,35.1,2879,3584,80.3,444,1724,2168,2909,884,134,1744,48.2,54.7
Cliff T. Robinson,629,19284,10823,4493,9596,46.8,7,36,19.4,1830,2533,72.2,1363,3874,5237,1249,655,441,1571,46.9,50.5
Randy Foye,752,19279,7729,2704,6750,40.1,1104,3017,36.6,1217,1429,85.2,245,1441,1686,2112,528,220,1106,48.2,52.4
Charlie Scott,560,19278,10037,4113,9266,44.4,2,11,18.2,1809,2344,77.2,461,1208,2034,2696,608,152,656,44.4,48.7
Tom Heinsohn,654,19254,12194,4773,11787,40.5,-,-,-,2648,3353,79,-,-,5749,1318,-,-,-,40.5,46
Don Kojis,814,19241,9948,3947,8853,44.6,-,-,-,2054,2853,72,140,282,4555,1112,89,16,-,44.6,49.2
Vinny Del Negro,771,19205,7038,2863,6031,47.5,243,677,35.9,1069,1273,84,284,1526,1810,2484,576,65,820,49.5,53.4
Walt Hazzard,724,19202,9087,3597,8162,44.1,-,-,-,1893,2502,75.7,18,39,2146,3555,26,6,-,44.1,49.1
Phil Smith,659,19166,9924,4007,8418,47.6,19,75,25.3,1891,2428,77.9,588,1390,1978,2561,734,165,990,47.7,52.3
Ricky Rubio,631,19158,6954,2258,5775,39.1,557,1713,32.5,1881,2232,84.3,404,2215,2619,4820,1151,81,1647,43.9,51.5
Aaron McKie,793,19157,5871,2265,5177,43.8,388,1109,35,953,1224,77.9,482,2105,2587,2126,912,164,1059,47.5,51.4
Giannis Antetokounmpo,589,19150,12319,4499,8457,53.2,376,1308,28.7,2945,4107,71.7,985,4386,5371,2632,692,765,1665,55.4,60
Jim Chones,623,19125,7664,3280,7014,46.8,0,6,0,1104,1569,70.4,1402,3794,5196,1079,332,643,746,46.8,49.7
Phil Chenier,578,19116,9931,4120,9271,44.4,6,15,40,1685,2091,80.6,366,1141,2063,1742,682,238,157,44.5,48.7
Kevin Porter,659,19107,7645,3194,6617,48.3,3,16,18.8,1254,1701,73.7,353,754,1179,5314,830,72,1133,48.3,51.9
Clyde Lovellette,704,19075,11947,4784,10795,44.3,-,-,-,2379,3141,75.7,-,-,6663,1097,-,-,-,44.3,49.1
Thabo Sefolosha,869,19062,4994,1916,4264,44.9,513,1468,34.9,649,887,73.2,626,2626,3252,1196,935,366,755,50.9,53.6
Emeka Okafor,616,19053,7370,3004,5867,51.2,0,2,0,1362,2325,58.6,1954,4013,5967,520,414,1003,984,51.2,53.5
Luis Scola,743,19001,8882,3669,7442,49.3,92,271,33.9,1452,1961,74,1335,3606,4941,1194,474,224,1121,49.9,53.5
Ken Norman,646,18993,8717,3737,7695,48.6,231,741,31.2,1012,1786,56.7,1352,2597,3949,1355,517,431,1173,50.1,51.4
Alton Lister,953,18964,6298,2514,4907,51.2,1,9,11.1,1269,2126,59.7,1844,4152,5996,914,351,1473,1450,51.2,53.9
Ersan Ilyasova,825,18957,8364,3123,7047,44.3,883,2409,36.7,1235,1590,77.7,1397,3264,4661,908,560,293,791,50.6,54
Evan Turner,705,18940,6824,2748,6331,43.4,270,917,29.4,1058,1353,78.2,388,2890,3278,2462,532,184,1267,45.5,49.3
Gerald Henderson,871,18856,7773,3079,6526,47.2,203,611,33.2,1412,1820,77.6,526,927,1453,3141,939,99,1561,48.7,53
Keith Erickson,766,18841,7251,3014,6926,43.5,-,-,-,1223,1591,76.9,306,827,3448,1991,222,45,-,43.5,47.5
Steve Mix,787,18827,8355,3204,6428,49.8,6,21,28.6,1941,2417,80.3,1356,2552,4159,1393,884,173,563,49.9,55.8
Walt Williams,708,18822,8385,2978,7013,42.5,976,2575,37.9,1453,1956,74.3,764,2030,2794,1637,658,406,1321,49.4,53.2
Calvin Natt,599,18818,10291,4003,7580,52.8,16,73,21.9,2269,2954,76.8,1370,2700,4070,1306,525,191,1256,52.9,57.9
DeMarcus Cousins,606,18791,12372,4413,9600,46,389,1166,33.4,3157,4286,73.7,1618,4776,6394,1908,839,721,2064,48,53.9
Corey Brewer,819,18771,7097,2684,6314,42.5,503,1774,28.4,1226,1720,71.3,613,1674,2287,1250,1023,222,950,46.5,50.2
Chris Morris,747,18747,8184,3144,7136,44.1,497,1625,30.6,1399,1894,73.9,1516,2028,3544,1182,917,540,1171,47.5,51.3
Corliss Williamson,822,18745,9147,3603,7355,49,6,44,13.6,1935,2710,71.4,1214,1969,3183,972,462,261,1316,49,53.5
Brendan Haywood,816,18679,5538,2110,3999,52.8,0,4,0,1318,2246,58.7,2081,2794,4875,442,320,1109,851,52.8,55.5
Tristan Thompson,673,18660,6248,2513,4850,51.8,9,35,25.7,1213,1991,60.9,2284,3548,5832,691,341,480,780,51.9,54.6
Mario Elie,732,18655,6265,2123,4492,47.3,574,1572,36.5,1445,1692,85.4,520,1497,2017,1875,671,129,960,53.7,59.8
Joakim Noah,672,18646,5881,2248,4574,49.1,0,16,0,1385,1979,70,2141,3917,6058,1907,534,874,1133,49.1,54
Andrew Wiggins,525,18606,10263,3809,8546,44.6,680,1993,34.1,1965,2689,73.1,654,1670,2324,1232,519,348,1080,48.5,52.7
Darrell Walker,720,18601,6389,2469,5682,43.5,6,102,5.9,1445,2027,71.3,1057,2077,3134,3276,1090,225,1461,43.5,48.6
Nick Collison,910,18600,5359,2212,4146,53.4,21,101,20.8,914,1265,72.3,1766,2935,4701,939,446,469,878,53.6,57
Micheal Ray Richardson,556,18589,8253,3419,7479,45.7,124,564,22,1291,1870,69,981,2075,3056,3899,1463,206,1854,46.5,49.7
Khris Middleton,585,18551,9811,3582,7780,46,1054,2668,39.5,1593,1812,87.9,360,2450,2810,2103,718,105,1172,52.8,57.2
Derrick Favors,751,18548,8148,3326,6225,53.4,36,176,20.5,1460,2200,66.4,1875,3549,5424,826,560,927,986,53.7,56.6
Lorenzen Wright,778,18538,6191,2556,5573,45.9,2,29,6.9,1077,1670,64.5,1688,3255,4943,622,471,572,877,45.9,49.1
Lonnie Shelton,673,18530,8049,3416,6950,49.2,3,31,9.7,1214,1646,73.8,1415,2721,4136,1459,739,559,1284,49.2,52.4
Danny Granger,586,18487,9855,3332,7672,43.4,1006,2644,38,2185,2577,84.8,674,2214,2888,1097,561,481,1098,50,56
Lamond Murray,736,18478,8286,3137,7301,43,528,1466,36,1484,1955,75.9,936,2097,3033,978,684,319,1207,46.6,50.8
Tom Hawkins,764,18465,6672,2761,6171,44.7,-,-,-,1150,2016,57,-,-,4607,871,-,-,-,44.7,47.3
Ray Williams,655,18462,10158,3962,8794,45.1,91,384,23.7,2143,2673,80.2,814,1556,2370,3779,1198,208,2099,45.6,50.9
Lionel Hollins,673,18453,7809,3201,7211,44.4,13,87,14.9,1394,1882,74.1,382,1219,1601,3006,1053,192,1337,44.5,48.6
Vern Mikkelsen,699,18443,10063,3547,8812,40.3,-,-,-,2969,3874,76.6,-,-,5940,1515,-,-,-,40.3,47.8
Mehmet Okur,634,18430,8561,3028,6615,45.8,596,1590,37.5,1909,2396,79.7,1261,3175,4436,1089,329,453,991,50.3,55.8
Billy Knight,671,18412,10561,4064,8026,50.6,34,124,27.4,2399,2892,83,1158,1879,3037,1435,627,91,1256,50.8,56.8
Carl Braun,788,18409,10625,3912,10211,38.3,-,-,-,2801,3484,80.4,-,-,2122,2892,-,-,-,38.3,45.2
Blue Edwards,704,18405,7585,3021,6362,47.5,304,908,33.5,1239,1590,77.9,698,1678,2376,1409,728,297,1187,49.9,53.7
DeShawn Stevenson,824,18395,5930,2238,5515,40.6,550,1617,34,904,1296,69.8,410,1422,1832,1355,423,134,814,45.6,48.7
Leandro Barbosa,850,18384,9035,3403,7409,45.9,988,2556,38.7,1241,1511,82.1,319,1401,1720,1775,693,121,1061,52.6,56
Larry Drew,714,18370,8110,3308,7085,46.7,118,405,29.1,1376,1724,79.8,259,1006,1265,3702,791,45,1565,47.5,51.7
Zelmo Beaty,570,18348,9107,3396,7237,46.9,-,-,-,2315,3087,75,93,234,5949,839,45,29,-,46.9,53
Fred Carter,611,18328,9271,3917,9219,42.5,-,-,-,1437,2073,69.3,323,804,2381,2122,371,65,-,42.5,45.8
Adrian Smith,719,18324,8482,3087,7194,42.9,-,-,-,2308,2762,83.6,-,-,1580,1698,-,-,-,42.9,50.4
Amir Johnson,870,18322,6102,2558,4490,57,107,322,33.2,879,1307,67.3,1723,2969,4692,1073,524,839,932,58.2,60.2
Neil Johnston,516,18298,10023,3303,7435,44.4,-,-,-,3417,4447,76.8,-,-,5856,1269,-,-,-,44.4,53.4
Curtis Rowe,590,18277,6873,2821,5847,48.2,-,-,-,1231,1756,70.1,913,1892,4264,932,199,193,164,48.2,51.9
Tyreke Evans,594,18242,9347,3510,7978,44,500,1548,32.3,1827,2415,75.7,500,2220,2720,2852,734,222,1489,47.1,51.7
Beno Udrih,831,18184,6952,2740,5922,46.3,465,1334,34.9,1007,1209,83.3,308,1404,1712,2858,576,71,1179,50.2,53.9
Draymond Green,639,18183,5614,2045,4687,43.6,555,1758,31.6,969,1355,71.5,703,3711,4414,3413,894,661,1375,49.6,53.1
Brevin Knight,729,18176,5342,2019,4897,41.2,16,119,13.4,1288,1632,78.9,282,1503,1785,4481,1229,87,1367,41.4,47.6
Keith Van Horn,575,18151,9206,3396,7659,44.3,597,1655,36.1,1817,2177,83.5,1122,2787,3909,900,472,295,1262,48.2,53.4
Danny Ferry,917,18132,6439,2505,5615,44.6,677,1724,39.3,752,895,84,647,1903,2550,1185,384,292,811,50.6,53.6
George Johnson,904,18102,4369,1802,3995,45.1,1,2,50,764,1101,69.4,1960,3789,5887,929,456,2082,872,45.1,48.8
Ed Macauley,641,18071,11234,3742,8589,43.6,-,-,-,3750,4929,76.1,-,-,4325,2079,-,-,-,43.6,52.2
Tony Allen,820,18053,6654,2588,5447,47.5,125,444,28.2,1353,1909,70.9,1021,1863,2884,1077,1158,337,1118,48.7,52.9
Kawhi Leonard,576,18025,11085,3986,8080,49.3,865,2251,38.4,2248,2620,85.8,696,2993,3689,1672,1013,367,933,54.7,60
Rasho Nesterovic,811,17983,5519,2570,5121,50.2,1,13,7.7,378,646,58.5,1513,2630,4143,836,330,934,748,50.2,51.1
Dennis Scott,629,17983,8094,2962,7111,41.7,1214,3060,39.7,956,1206,79.3,367,1407,1774,1296,525,197,768,50.2,53
Derek Anderson,615,17969,7357,2419,5922,40.8,645,1891,34.1,1874,2198,85.3,440,1548,1988,2083,691,87,1052,46.3,53.4
Rodney Stuckey,651,17890,8185,2904,6870,42.3,276,921,30,2101,2551,82.4,419,1493,1912,2333,568,94,1181,44.3,51.2
Marcus Morris Sr.,664,17887,8091,2958,6795,43.5,1039,2745,37.9,1136,1489,76.3,623,2436,3059,972,460,186,787,51.2,54.3
Elmore Smith,562,17879,7541,3169,6578,48.2,-,-,-,1203,2079,57.9,952,2880,5962,808,325,1183,183,48.2,50.3
Darrall Imhoff,801,17874,5759,2299,5016,45.8,-,-,-,1161,1954,59.4,-,-,6099,1405,-,-,-,45.8,49
Isaiah Rider,563,17854,9405,3583,8085,44.3,667,1896,35.2,1572,1935,81.2,676,1490,2166,1535,367,136,1425,48.4,52.6
Terry Dischinger,652,17841,9012,3457,6836,50.6,-,-,-,2098,2768,75.8,-,-,3646,1151,-,-,-,50.6,55.9
Alvin Attles,711,17826,6328,2499,5545,45.1,-,-,-,1330,2106,63.2,-,-,2463,2483,-,-,-,45.1,48.9
B.J. Armstrong,747,17790,7320,2850,5981,47.7,436,1026,42.5,1184,1383,85.6,192,1129,1321,2479,533,47,889,51.3,55.5
Rich Kelley,814,17711,6199,2166,4435,48.8,0,10,0,1867,2384,78.3,1872,3806,5678,2092,694,749,1576,48.8,56.5
Al-Farouq Aminu,711,17698,5350,1948,4641,42,543,1634,33.2,911,1221,74.6,982,3298,4280,879,678,397,863,47.8,51.7
Tom Henderson,650,17690,6088,2426,5601,43.3,0,9,0,1236,1673,73.9,384,1110,1494,3136,760,76,693,43.3,48
George Lynch,774,17682,5109,2086,4677,44.6,146,477,30.6,791,1213,65.2,1508,2394,3902,1121,817,258,890,46.2,49
Tony Battie,837,17650,5082,2143,4387,48.8,12,74,16.2,784,1137,69,1376,2911,4287,522,420,713,704,49,52
Kentavious Caldwell-Pope,606,17645,6893,2465,5887,41.9,1001,2817,35.5,962,1198,80.3,382,1505,1887,1005,665,128,603,50.4,53.7
Clem Haskins,681,17624,8743,3515,7824,44.9,-,-,-,1713,2163,79.2,119,237,2087,2382,127,30,-,44.9,49.8
LaPhonso Ellis,624,17617,7410,2895,6409,45.2,241,797,30.2,1379,1888,73,1320,2712,4032,981,433,477,1001,47.1,51.2
Billy Owens,600,17615,7026,2873,5969,48.1,82,282,29.1,1198,1904,62.9,1449,2567,4016,1704,569,321,1310,48.8,51.6
Matt Harpring,665,17591,7645,2900,6033,48.1,158,474,33.3,1687,2239,75.3,1281,2085,3366,907,497,112,1000,49.4,54.5
K.C. Jones,676,17501,5011,1919,4961,38.7,-,-,-,1173,1814,64.7,-,-,2399,2908,-,-,-,38.7,43.5
Greg Monroe,632,17475,8326,3339,6499,51.4,1,17,5.9,1647,2338,70.4,1769,3460,5229,1354,672,363,1186,51.4,55.3
Kevin Duckworth,684,17461,8085,3216,6870,46.8,5,24,20.8,1648,2239,73.6,1369,2576,3945,598,329,316,1237,46.8,51.5
George McCloud,766,17433,6925,2469,6140,40.2,920,2573,35.8,1067,1318,81,659,1683,2342,1769,593,190,1070,47.7,51.5
Markieff Morris,698,17426,7693,2964,6648,44.6,594,1743,34.1,1171,1509,77.6,853,2816,3669,1130,572,368,1066,49.1,52.6
Jim Barnett,732,17410,8536,3326,7642,43.5,-,-,-,1884,2363,79.7,191,312,2259,2232,131,30,-,43.5,49.2
Don Chaney,742,17406,6216,2513,5738,43.8,1,6,16.7,1189,1532,77.6,635,773,2913,1593,492,196,159,43.8,48.5
Chucky Atkins,696,17305,6863,2479,6022,41.2,934,2565,36.4,971,1258,77.2,194,992,1186,2396,465,36,1018,48.9,52.2
Kenny Thomas,632,17302,5876,2309,4966,46.5,59,242,24.4,1199,1715,69.9,1447,2894,4341,975,527,276,1054,47.1,51.4
Jim Fox,743,17294,6945,2611,5452,47.9,-,-,-,1723,2239,77,554,1215,5525,1201,151,79,-,47.9,53.9
CJ Miles,848,17282,8108,2883,7016,41.1,1250,3487,35.8,1092,1350,80.9,363,1648,2011,914,601,254,724,50,53.3
Chris Mills,568,17281,6357,2391,5541,43.2,439,1251,35.1,1136,1391,81.7,772,2036,2808,1063,421,247,726,47.1,51.7
Bob Weiss,783,17277,5989,2288,5346,42.8,-,-,-,1413,1706,82.8,81,261,1398,2931,287,52,-,42.8,49.1
John Paxson,772,17257,5560,2403,4812,49.9,273,770,35.5,481,598,80.4,167,739,906,2758,517,44,651,52.8,54.8
Mario Chalmers,646,17245,5743,1936,4641,41.7,755,2153,35.1,1116,1407,79.3,211,1374,1585,2412,950,103,1202,49.8,54.6
Darryl Dawkins,726,17235,8733,3477,6079,57.2,2,15,13.3,1777,2593,68.5,1125,3307,4432,917,345,1023,1621,57.2,60.5
Connie Hawkins,499,17234,8233,3013,6453,46.7,-,-,-,2207,2811,78.5,332,876,3971,2052,244,150,-,46.7,53.5
Rasual Butler,809,17220,6092,2293,5686,40.3,911,2520,36.2,595,796,74.7,297,1637,1934,658,288,408,528,48.3,50.5
Rod Higgins,779,17189,7011,2483,5336,46.5,352,1030,34.2,1693,2095,80.8,946,1873,2819,1254,485,359,786,49.8,56
Shaun Livingston,833,17188,5231,2149,4419,48.6,13,73,17.8,920,1159,79.4,491,1498,1989,2483,586,311,1034,48.8,53.1
Dick McGuire,738,17170,5921,2048,5259,38.9,-,-,-,1825,2836,64.4,-,-,2784,4205,-,-,-,38.9,45.5
Kenny Carr,674,17167,7813,3057,5998,51,3,38,7.9,1696,2479,68.4,1506,3493,4999,923,484,296,1438,51,55.1
Kendrick Perkins,782,17162,4214,1705,3219,53,0,14,0,804,1353,59.4,1305,3227,4532,813,263,903,1233,53,55.2
John Bagley,665,17120,5802,2359,5398,43.7,114,473,24.1,970,1245,77.9,413,1316,1729,3980,755,54,1512,44.8,48.8
Don Buse,648,17070,4485,1829,4139,44.2,169,507,33.3,658,844,78,373,1134,1507,2920,1160,97,601,46.2,49.7
Jim Cleamons,652,17001,5408,2242,4868,46.1,7,31,22.6,917,1198,76.5,570,1205,1987,2532,533,120,364,46.1,50.1
Ervin Johnson,845,16992,3473,1393,2756,50.5,2,10,20,685,1133,60.5,1677,3471,5148,387,471,1087,724,50.6,53.4
Loy Vaught,689,16989,6984,3061,6074,50.4,21,86,24.4,841,1172,71.8,1482,3399,4881,652,510,228,822,50.6,53
Cliff Levingston,830,16962,5888,2333,4524,51.6,5,33,15.2,1217,1800,67.6,1772,2535,4307,752,534,593,829,51.6,55.4
Kerry Kittles,507,16932,7165,2779,6337,43.9,694,1838,37.8,913,1171,78,513,1470,1983,1295,811,221,621,49.3,52.3
O.J. Mayo,547,16919,7574,2808,6547,42.9,854,2287,37.3,1104,1346,82,285,1421,1706,1607,559,141,1130,49.4,53
Otto Moore,682,16893,5616,2336,5152,45.3,-,-,-,944,1550,60.9,504,1539,5575,1060,186,342,-,45.3,48.1
Dee Brown,608,16844,6758,2540,5822,43.6,605,1697,35.7,1073,1300,82.5,319,1250,1569,2227,800,205,905,48.8,52.8
Brandon Jennings,555,16844,7801,2750,7099,38.7,914,2648,34.5,1387,1743,79.6,329,1330,1659,3151,679,98,1203,45.2,49.6
Bobby Jackson,755,16794,7344,2755,6601,41.7,689,1947,35.4,1145,1444,79.3,623,1724,2347,1945,704,68,1014,47,50.7
Scott Skiles,600,16789,6652,2290,5259,43.5,524,1381,37.9,1548,1741,88.9,275,1251,1526,3881,500,29,1497,48.5,55.2
Geoff Petrie,446,16787,9732,3970,8719,45.5,-,-,-,1792,2225,80.5,140,445,1271,2057,247,33,-,45.5,50.2
Campy Russell,566,16781,8953,3398,7397,45.9,34,93,36.6,2123,2750,77.2,893,1803,2696,1684,594,114,1025,46.2,52
Ryan Anderson,649,16769,8001,2755,6533,42.2,1325,3491,38,1166,1366,85.4,1247,2166,3413,586,332,217,606,52.3,56.1
Avery Bradley,598,16745,6885,2766,6366,43.4,777,2143,36.3,576,738,78,366,1361,1727,1058,602,119,830,49.6,51.5
Jae Crowder,668,16676,6424,2207,5264,41.9,1019,2945,34.6,991,1276,77.7,474,2313,2787,1058,641,224,585,51.6,55.1
Doug West,676,16654,6477,2631,5473,48.1,37,194,19.1,1178,1470,80.1,532,1138,1670,1292,459,189,823,48.4,52.9
Matt Guokas,735,16603,4285,1792,3665,48.9,-,-,-,701,964,72.7,77,246,1446,2174,117,41,-,48.9,52.4
Mel Hutchins,437,16574,4851,1931,4962,38.9,-,-,-,989,1470,67.3,-,-,4186,1298,-,-,-,38.9,43.2
John Salley,748,16524,5228,1871,3697,50.6,3,14,21.4,1483,2076,71.4,1226,2130,3356,916,451,983,949,50.6,56.7
CJ McCollum,528,16481,9971,3820,8403,45.5,1186,2983,39.8,1145,1387,82.6,319,1453,1772,1729,456,201,900,52.5,55.3
Jack Coleman,633,16479,6721,2813,6763,41.6,-,-,-,1095,1575,69.5,-,-,5186,1749,-,-,-,41.6,45.1
Dwight Jones,766,16452,6230,2459,5216,47.1,1,2,50,1311,1772,74,1456,3057,4513,911,429,397,771,47.2,52
Terry Mills,678,16424,7175,2847,6227,45.7,533,1387,38.4,948,1214,78.1,1029,2651,3680,891,397,296,851,50,53.1
Nick Young,720,16419,8194,2894,6920,41.8,1039,2764,37.6,1367,1636,83.6,260,1167,1427,687,394,135,711,49.3,53.6
Bryant Stith,586,16416,5946,2021,4767,42.4,306,931,32.9,1598,1900,84.1,605,1378,1983,1178,594,130,776,45.6,53.1
Brandon Bass,758,16410,6575,2558,5125,49.9,12,58,20.7,1447,1740,83.2,1139,2309,3448,608,295,479,718,50,55.8
Jon Koncak,784,16409,3520,1444,3073,47,19,84,22.6,613,1027,59.7,1064,2792,3856,785,542,791,624,47.3,49.9
Roy Hibbert,662,16389,6611,2622,5641,46.5,6,24,25,1361,1802,75.5,1527,2646,4173,885,241,1146,1038,46.5,51.4
Charles Smith,564,16377,8107,2993,6300,47.5,18,93,19.4,2103,2718,77.4,1192,2054,3246,798,462,789,1036,47.7,54.1
Chris Dudley,886,16322,3473,1391,3380,41.2,0,5,0,691,1508,45.8,2234,3223,5457,375,334,1027,740,41.2,42.9
David Thompson,509,16305,11264,4213,8365,50.4,23,83,27.7,2815,3616,77.8,737,1184,1921,1631,459,407,1129,50.5,56.6
Kurt Rambis,880,16299,4603,1802,3376,53.4,0,14,0,999,1450,68.9,1640,3321,4961,931,761,456,1033,53.4,57.3
J.J. Barea,831,16287,7415,2832,6685,42.4,819,2330,35.2,932,1174,79.4,253,1495,1748,3270,331,24,1264,48.5,51.5
Frank Brickowski,731,16279,7302,2873,5538,51.9,55,170,32.4,1501,2028,74,1007,2403,3410,1384,644,285,1372,52.4,56.8
Trenton Hassell,644,16279,3741,1549,3480,44.5,95,299,31.8,548,716,76.5,541,1285,1826,1132,282,272,597,45.9,49.3
Allen Leavell,700,16248,6684,2549,5666,45,141,603,23.4,1445,1733,83.4,294,870,1164,3339,929,120,1324,46.2,52
Quinn Buckner,719,16245,5929,2546,5527,46.1,7,38,18.4,830,1264,65.7,598,1371,1969,3114,1337,80,1382,46.1,48.7
Steve Kerr,910,16203,5437,2042,4263,47.9,726,1599,45.4,627,726,86.4,186,874,1060,1658,476,46,504,56.4,59.3
George McGinnis,528,16194,9090,3386,7566,44.8,2,25,8,2316,3559,65.1,1601,3576,5177,1985,923,236,1291,44.8,49.8
Rudy Gobert,545,16181,6565,2434,3772,64.5,0,7,0,1697,2695,63,1782,4369,6151,735,367,1220,889,64.5,66.2
Vladimir Radmanovic,737,16164,5879,2148,5177,41.5,971,2567,37.8,612,807,75.8,654,2130,2784,998,537,263,837,50.9,53.1
Ramon Sessions,691,16119,7141,2406,5539,43.4,208,658,31.6,2121,2681,79.1,339,1501,1840,2807,472,52,1173,45.3,53.1
Evan Fournier,565,16118,8097,2910,6471,45,1050,2768,37.9,1227,1524,80.5,234,1327,1561,1505,491,78,935,53.1,56.7
Ty Lawson,551,16088,6977,2496,5424,46,473,1319,35.9,1512,1964,77,351,1155,1506,3316,636,52,1159,50.4,55.5
Luc Mbah a Moute,689,16038,4380,1685,3708,45.4,207,619,33.4,803,1218,65.9,962,1838,2800,588,612,263,646,48.2,51.6
Howard Eisley,786,16016,5116,1881,4617,40.7,516,1474,35,838,1013,82.7,208,1116,1324,2748,540,83,1172,46.3,50.5
Reggie Williams,599,16012,7508,2992,6848,43.7,373,1253,29.8,1151,1468,78.4,785,1608,2393,1492,802,407,1051,46.4,50.1
Willie Anderson,555,15972,6771,2804,5952,47.1,99,372,26.6,1064,1353,78.6,550,1532,2082,2105,594,342,1163,47.9,51.7
Ruben Patterson,649,15955,6953,2678,5180,51.7,35,196,17.9,1562,2436,64.1,1280,1417,2697,1150,751,249,1166,52,55.6
Shandon Anderson,719,15944,5327,1996,4366,45.7,307,972,31.6,1028,1392,73.9,583,1669,2252,1007,556,180,958,49.2,53.5
Jim Brewer,703,15936,4099,1785,3983,44.8,1,13,7.7,528,925,57.1,1660,2798,4458,1038,556,510,332,44.8,46.7
Jeff McInnis,576,15932,5396,2189,5081,43.1,305,929,32.8,713,896,79.6,243,927,1170,2514,371,31,789,46.1,49.3
Jonas Valanciunas,621,15901,8005,3193,5639,56.6,98,274,35.8,1521,1950,78,1727,4001,5728,634,249,642,962,57.5,61.6
Nazr Mohammed,1005,15891,5827,2402,4939,48.6,0,8,0,1023,1599,64,1808,2900,4708,375,432,639,919,48.6,51.6
Mike Riordan,639,15890,6334,2773,5894,47,-,-,-,788,1059,74.4,261,617,1830,1524,231,35,-,47,49.8
Phil Hubbard,665,15863,7228,2672,5394,49.5,1,26,3.8,1883,2667,70.6,1502,2036,3538,857,574,89,1310,49.5,55
Jack George,506,15860,5153,1901,5226,36.4,-,-,-,1351,1918,70.4,-,-,2129,2169,-,-,-,36.4,42.4
Greg Anthony,757,15846,5497,1914,4750,40.3,610,1748,34.9,1059,1445,73.3,271,1146,1417,2997,887,79,1043,46.7,51
Steve Hawes,688,15831,5768,2337,4836,48.3,14,47,29.8,1080,1367,79,1232,3040,4272,1288,518,314,821,48.5,53
Yao Ming,486,15819,9247,3380,6445,52.4,2,10,20,2485,2984,83.3,1233,3261,4494,769,189,920,1311,52.5,59.6
Steven Adams,588,15813,5629,2346,3972,59.1,1,13,7.7,936,1708,54.8,2036,2507,4543,726,523,569,835,59.1,59.6
Harry Gallatin,682,15813,8843,2810,7057,39.8,-,-,-,3223,4167,77.3,-,-,6684,1208,-,-,-,39.8,49.7
Andrea Bargnani,550,15806,7873,2932,6676,43.9,627,1771,35.4,1382,1677,82.4,530,2011,2541,653,207,470,851,48.6,53.1
George Yardley,472,15767,9063,3193,7572,42.2,-,-,-,2677,3434,78,-,-,4220,815,-,-,-,42.2,49.9
Ben Poquette,718,15763,4899,1975,4092,48.3,13,59,22,936,1202,77.9,1061,2670,3731,872,384,794,686,48.4,53
Jeff Foster,764,15740,3747,1472,2961,49.7,7,54,13,796,1295,61.5,2101,3147,5248,703,507,308,613,49.8,53.1
Eric Williams,658,15729,5642,1865,4490,41.5,219,688,31.8,1693,2301,73.6,704,1435,2139,936,548,103,789,44,51.3
Kent Benson,680,15719,6168,2578,5224,49.3,7,34,20.6,1005,1327,75.7,1216,2665,3881,1203,605,586,1069,49.4,53.1
Lucious Harris,800,15704,5784,2194,5151,42.6,402,1155,34.8,994,1258,79,554,1310,1864,1130,556,86,594,46.5,50.7
Ed Pinckney,793,15695,5378,1915,3577,53.5,0,18,0,1548,2024,76.5,1487,2465,3952,727,612,435,845,53.5,60.2
Enes Kanter,713,15689,8221,3375,6157,54.8,44,154,28.6,1427,1840,77.6,2162,3500,5662,630,291,349,1056,55.2,59
Eddie Miles,605,15681,8120,3301,7505,44,-,-,-,1518,2032,74.7,-,-,1860,1225,-,-,-,44,48.3
Trent Tucker,756,15671,6236,2594,5632,46.1,575,1410,40.8,473,627,75.4,512,1008,1520,1532,679,88,593,51.2,52.8
Reggie Jackson,628,15664,7920,2943,6852,43,781,2237,34.9,1253,1465,85.5,328,1523,1851,2661,431,73,1152,48.7,52.8
Mahmoud Abdul-Rauf,586,15628,8553,3514,7943,44.2,474,1339,35.4,1051,1161,90.5,219,868,1087,2079,487,46,963,47.2,50.6
Bob Sura,657,15603,5654,1918,4628,41.4,423,1303,32.5,1395,2024,68.9,586,1654,2240,2474,641,142,1231,46,51.2
Reggie Evans,809,15572,3289,1107,2379,46.5,1,11,9.1,1074,2036,52.8,1984,3781,5765,458,566,115,897,46.6,50.2
Jay Vincent,576,15556,8729,3490,7367,47.4,4,27,14.8,1745,2226,78.4,979,2188,3167,1124,413,171,1099,47.4,52.3
Anthony Johnson,793,15553,4432,1709,4131,41.4,332,933,35.6,682,916,74.5,293,1065,1358,2274,551,92,866,45.4,48.9
Roy Hinson,507,15543,7206,2776,5568,49.9,0,12,0,1654,2232,74.1,1056,2396,3452,495,306,882,1009,49.9,55
Spencer Hawes,684,15541,5932,2451,5363,45.7,359,1026,35,671,937,71.6,991,2902,3893,1271,264,652,971,49,51.4
Bill Hanzlik,748,15534,5414,1836,4232,43.4,46,216,21.3,1696,2171,78.1,691,1367,2058,2058,727,205,1090,43.9,52.2
Chris Duhon,606,15527,3946,1353,3440,39.3,649,1788,36.3,591,754,78.4,200,1164,1364,2690,471,36,925,48.8,52.3
Larry Kenon,503,15517,8535,3564,7293,48.9,1,10,10,1406,1763,79.8,1362,2580,3942,1287,675,155,1101,48.9,52.9
Henry Bibby,675,15475,5775,2149,5073,42.4,43,147,29.3,1434,1834,78.2,463,1036,1581,2259,561,34,573,42.8,49.1
Connie Dierking,706,15474,7094,2867,6880,41.7,-,-,-,1360,1951,69.7,-,-,4757,1053,-,-,-,41.7,45.8
Bojan Bogdanovic,534,15389,7795,2711,5933,45.7,1052,2676,39.3,1321,1533,86.2,265,1623,1888,825,300,41,851,54.6,59
Andy Phillip,701,15378,6384,2323,6318,36.8,-,-,-,1738,2499,69.5,-,-,2395,3759,-,-,-,36.8,43
J.R. Reid,672,15370,5680,2168,4594,47.2,5,37,13.5,1339,1869,71.6,1004,2377,3381,639,514,264,947,47.2,52.4
Josh Howard,507,15350,7270,2759,6161,44.8,342,1029,33.2,1410,1830,77,846,2040,2886,817,530,276,723,47.6,52.2
Andrew Lang,737,15348,4431,1780,3785,47,5,20,25,866,1164,74.4,1188,2323,3511,424,332,1099,697,47.1,51.6
Voshon Lenard,565,15345,6745,2444,5892,41.5,936,2437,38.4,921,1171,78.7,347,1262,1609,1180,424,131,748,49.4,52.6
Kevin Edwards,604,15330,6596,2650,6259,42.3,176,525,33.5,1120,1395,80.3,516,1137,1653,1609,825,197,1138,43.7,48
Frank Ramsey,623,15330,8378,2949,7382,39.9,-,-,-,2480,3083,80.4,-,-,3410,1134,-,-,-,39.9,47.9
Wayne Ellington,727,15290,5903,2135,5204,41,1132,2964,38.2,501,594,84.3,228,1338,1566,822,389,61,489,51.9,54
Stu Lantz,547,15267,6782,2469,5674,43.5,-,-,-,1844,2266,81.4,150,256,1820,1566,121,18,-,43.5,50.8
Kevin Grevey,672,15246,7364,2915,6670,43.7,145,434,33.4,1389,1701,81.7,590,1004,1594,1247,392,112,748,44.8,49.6
Isaiah Thomas,528,15230,9531,3100,7123,43.5,1014,2793,36.3,2317,2656,87.2,279,1012,1291,2604,465,56,1227,50.6,57.5
Ray Felix,637,15188,6974,2406,5841,41.2,-,-,-,2162,3187,67.8,-,-,5652,448,-,-,-,41.2,48.1
Tony Campbell,690,15180,7994,3180,6981,45.6,67,264,25.4,1567,1984,79,912,1205,2117,1019,582,157,1083,46,50.9
Terrence Ross,607,15178,6896,2520,6013,41.9,1157,3151,36.7,699,837,83.5,214,1532,1746,725,524,209,582,51.5,54
Travis Best,708,15160,5376,2002,4642,43.1,266,772,34.5,1106,1324,83.5,230,1019,1249,2444,661,60,928,46,51.4
Hubert Davis,685,15144,5583,2108,4600,45.8,728,1651,44.1,639,763,83.7,209,836,1045,1172,297,44,646,53.7,56.6
Bonzi Wells,591,15133,7147,2814,6111,46,223,683,32.7,1296,1860,69.7,800,1937,2737,1249,769,192,1215,47.9,51.6
Ron Anderson,664,15112,7056,2936,6239,47.1,105,366,28.7,1079,1325,81.4,856,1456,2312,952,470,90,730,47.9,51.7
Anderson Varejao,632,15089,4574,1808,3550,50.9,1,43,2.3,957,1518,63,1511,3020,4531,737,537,407,593,50.9,54.2
Craig Hodges,695,15077,5940,2363,5130,46.1,563,1408,40,651,786,82.8,306,631,937,1769,553,26,815,51.5,54.2
Foots Walker,658,15036,4199,1538,3537,43.5,10,44,22.7,1113,1460,76.2,459,1227,1686,3111,992,83,792,43.6,50.2
Herm Gilliam,578,15026,6252,2696,6120,44.1,-,-,-,860,1086,79.2,257,635,2175,2225,369,49,-,44.1,47.4
